Violation_Id,Timestamp,Violation_Type,Location
V0001,2026-08-20 07:47:17,Red Light Violation,"40.734041,-73.995698"
V0002,2026-07-16 09:32:38,Speeding,"40.800122,-73.962106"
V0003,2026-08-17 09:55:00,DUI,"40.732076,-73.998045"
V0004,2026-07-17 11:22:38,Reckless Driving,"40.762249,-73.978970"
V0005,2026-08-15 10:40:39,DUI,"40.750646,-73.990746"
V0006,2026-07-29 22:54:14,DUI,"40.756119,-73.982077"
V0007,2026-08-02 09:17:44,Illegal Turn,"40.759129,-73.983151"
V0008,2026-08-04 09:59:40,Illegal Turn,"40.803941,-73.963508"
V0009,2026-09-07 20:56:45,Reckless Driving,"40.731706,-73.989929"
V0010,2026-07-27 08:47:35,Using Mobile Phone,"40.752107,-73.984577"
V0011,2026-07-19 14:05:48,Speeding,"40.754455,-73.981664"
V0012,2026-08-04 11:29:33,Reckless Driving,"40.813448,-73.962167"
V0013,2026-08-21 11:18:27,Red Light Violation,"40.710664,-74.017810"
V0014,2026-09-02 16:38:12,Red Light Violation,"40.753288,-73.980611"
V0015,2026-07-11 15:31:01,Speeding,"40.746647,-73.992614"
V0016,2026-07-15 21:34:49,Red Light Violation,"40.723419,-73.990826"
V0017,2026-08-05 23:41:23,Seatbelt Violation,"40.806947,-73.961476"
V0018,2026-07-11 07:40:03,Red Light Violation,"40.753169,-73.983655"
V0019,2026-07-19 16:56:36,Using Mobile Phone,"40.701917,-74.009680"
V0020,2026-08-22 12:27:26,Seatbelt Violation,"40.752234,-73.995465"
V0021,2026-07-26 08:34:28,Red Light Violation,"40.701048,-74.018715"
V0022,2026-08-14 18:05:59,DUI,"40.723935,-74.000599"
V0023,2026-07-14 08:00:24,Reckless Driving,"40.700029,-73.999673"
V0024,2026-08-22 16:09:12,Reckless Driving,"40.730936,-74.005635"
V0025,2026-08-12 19:33:10,Speeding,"40.803076,-73.960090"
V0026,2026-07-26 12:56:36,Red Light Violation,"40.809630,-73.964264"
V0027,2026-08-13 10:16:13,Illegal Turn,"40.744690,-73.983596"
V0028,2026-07-31 19:59:04,Speeding,"40.708478,-74.016221"
V0029,2026-08-12 09:59:22,Speeding,"40.728171,-73.986844"
V0030,2026-08-19 22:51:41,Using Mobile Phone,"40.761233,-73.981090"
V0031,2026-09-05 07:35:09,Reckless Driving,"40.751584,-73.992651"
V0032,2026-07-27 14:16:57,DUI,"40.751933,-73.979091"
V0033,2026-07-27 08:28:35,Illegal Turn,"40.706688,-74.011307"
V0034,2026-08-07 08:19:23,DUI,"40.762332,-73.987895"
V0035,2026-08-29 15:55:26,Using Mobile Phone,"40.734285,-74.001213"
V0036,2026-07-22 17:21:50,Seatbelt Violation,"40.720093,-73.992544"
V0037,2026-09-01 19:22:19,DUI,"40.722509,-73.997707"
V0038,2026-07-15 21:17:22,Illegal Turn,"40.812612,-73.964856"
V0039,2026-08-07 11:50:20,Seatbelt Violation,"40.811731,-73.969530"
V0040,2026-08-13 19:34:43,Illegal Turn,"40.728248,-73.994397"
V0041,2026-07-31 16:07:46,Reckless Driving,"40.804735,-73.963789"
V0042,2026-07-19 08:42:24,Illegal Turn,"40.730917,-73.999706"
V0043,2026-08-17 15:20:29,Seatbelt Violation,"40.709182,-74.002867"
V0044,2026-07-29 14:40:39,Reckless Driving,"40.768975,-73.983588"
V0045,2026-07-23 08:02:15,Seatbelt Violation,"40.805518,-73.971232"
V0046,2026-08-11 12:09:41,Illegal Turn,"40.745689,-73.982362"
V0047,2026-08-15 09:54:07,Seatbelt Violation,"40.737278,-73.993058"
V0048,2026-08-12 12:58:35,Seatbelt Violation,"40.733478,-73.999244"
V0049,2026-08-20 09:49:33,Seatbelt Violation,"40.727404,-73.999024"
V0050,2026-07-31 18:05:08,Red Light Violation,"40.728316,-74.000693"
V0051,2026-08-01 14:26:03,Red Light Violation,"40.701982,-74.001105"
V0052,2026-08-10 01:22:19,DUI,"40.703349,-74.007803"
V0053,2026-07-25 13:17:27,Seatbelt Violation,"40.755121,-73.976228"
V0054,2026-09-02 13:08:39,Using Mobile Phone,"40.766553,-73.983974"
V0055,2026-08-07 08:29:11,Speeding,"40.747085,-73.991920"
V0056,2026-08-04 09:53:26,Reckless Driving,"40.756985,-73.988040"
V0057,2026-08-21 06:01:15,Red Light Violation,"40.759367,-73.985756"
V0058,2026-09-09 09:44:16,DUI,"40.741145,-73.983298"
V0059,2026-09-01 08:19:06,Using Mobile Phone,"40.766672,-73.979897"
V0060,2026-09-09 16:04:37,Illegal Turn,"40.737019,-73.992786"
V0061,2026-08-07 16:04:32,Illegal Turn,"40.741192,-73.985848"
V0062,2026-08-03 16:53:29,Illegal Turn,"40.727421,-73.991030"
V0063,2026-08-31 19:49:30,Seatbelt Violation,"40.712956,-74.010820"
V0064,2026-09-08 07:56:28,Red Light Violation,"40.707906,-74.011575"
V0065,2026-07-31 08:13:22,DUI,"40.736957,-73.983316"
V0066,2026-07-11 14:12:05,Red Light Violation,"40.705695,-74.004183"
V0067,2026-08-11 13:01:05,Reckless Driving,"40.728416,-73.994271"
V0068,2026-08-15 14:27:47,Using Mobile Phone,"40.746073,-73.987856"
V0069,2026-08-26 08:07:47,Using Mobile Phone,"40.719378,-74.001171"
V0070,2026-08-28 14:18:06,DUI,"40.726765,-74.002309"
V0071,2026-07-19 09:03:35,Reckless Driving,"40.734284,-74.000049"
V0072,2026-08-01 08:03:16,DUI,"40.705933,-74.006915"
V0073,2026-08-31 15:19:05,Red Light Violation,"40.758853,-73.983339"
V0074,2026-08-29 14:28:58,Seatbelt Violation,"40.743995,-73.982082"
V0075,2026-09-09 17:40:13,Reckless Driving,"40.754439,-73.986545"
V0076,2026-07-29 05:18:45,Reckless Driving,"40.701302,-74.018474"
V0077,2026-08-17 16:59:12,Seatbelt Violation,"40.759085,-73.992074"
V0078,2026-08-16 19:28:07,Seatbelt Violation,"40.748408,-73.986560"
V0079,2026-07-27 04:14:43,DUI,"40.808263,-73.949883"
V0080,2026-08-16 06:48:11,Seatbelt Violation,"40.822985,-73.969189"
V0081,2026-08-20 17:05:30,Reckless Driving,"40.701765,-74.004221"
V0082,2026-08-24 14:42:25,DUI,"40.805098,-73.956711"
V0083,2026-07-14 08:23:39,DUI,"40.710582,-74.014441"
V0084,2026-09-08 10:56:44,Seatbelt Violation,"40.766846,-73.986518"
V0085,2026-09-02 19:29:07,Illegal Turn,"40.729451,-73.996395"
V0086,2026-09-02 13:30:15,Seatbelt Violation,"40.803734,-73.959240"
V0087,2026-07-19 18:17:49,DUI,"40.699630,-73.996870"
V0088,2026-08-17 23:31:55,Red Light Violation,"40.706605,-74.007825"
V0089,2026-08-09 19:55:12,Illegal Turn,"40.730304,-73.989379"
V0090,2026-08-31 11:42:50,DUI,"40.729458,-73.996452"
V0091,2026-09-04 07:54:28,Speeding,"40.810786,-73.960845"
V0092,2026-07-16 18:54:43,DUI,"40.805994,-73.954802"
V0093,2026-09-04 14:39:04,Red Light Violation,"40.747772,-73.976696"
V0094,2026-08-08 08:19:57,Speeding,"40.756404,-73.987632"
V0095,2026-07-26 14:36:43,DUI,"40.737864,-74.002181"
V0096,2026-07-27 13:42:00,DUI,"40.700845,-74.012012"
V0097,2026-08-20 20:44:16,Seatbelt Violation,"40.744207,-73.985889"
V0098,2026-08-16 11:18:44,Reckless Driving,"40.753544,-73.979258"
V0099,2026-07-14 19:47:31,DUI,"40.751472,-73.982384"
V0100,2026-07-23 15:43:48,Illegal Turn,"40.740888,-73.994684"
V0101,2026-08-08 05:23:46,Red Light Violation,"40.763219,-73.986407"
V0102,2026-08-30 14:23:33,Using Mobile Phone,"40.752215,-73.980325"
V0103,2026-08-31 10:55:21,DUI,"40.757706,-73.982685"
V0104,2026-08-23 16:25:54,DUI,"40.802000,-73.963785"
V0105,2026-08-23 09:24:52,Illegal Turn,"40.744015,-73.979484"
V0106,2026-07-25 16:40:52,Seatbelt Violation,"40.749849,-73.990619"
V0107,2026-08-04 13:42:47,Illegal Turn,"40.804808,-73.967665"
V0108,2026-07-17 18:39:26,Reckless Driving,"40.760085,-73.986121"
V0109,2026-08-03 07:43:23,Using Mobile Phone,"40.743194,-73.982639"
V0110,2026-07-24 16:38:01,Speeding,"40.745884,-73.985105"
V0111,2026-08-28 15:37:13,DUI,"40.727775,-73.992906"
V0112,2026-07-19 14:51:11,Speeding,"40.753079,-73.979483"
V0113,2026-07-12 08:03:08,Illegal Turn,"40.706980,-74.009718"
V0114,2026-08-12 15:28:32,Red Light Violation,"40.814078,-73.972604"
V0115,2026-07-14 23:54:25,Seatbelt Violation,"40.757076,-73.984506"
V0116,2026-07-28 15:37:35,Illegal Turn,"40.745863,-73.989258"
V0117,2026-08-07 07:44:07,DUI,"40.809913,-73.963139"
V0118,2026-08-01 18:25:26,Illegal Turn,"40.755661,-73.982452"
V0119,2026-07-16 18:05:27,Speeding,"40.754428,-73.984008"
V0120,2026-08-01 16:26:22,DUI,"40.703085,-74.015978"
V0121,2026-07-25 18:22:54,Using Mobile Phone,"40.743821,-73.989814"
V0122,2026-08-15 21:52:39,Using Mobile Phone,"40.811358,-73.971821"
V0123,2026-07-30 19:22:00,Red Light Violation,"40.730449,-74.004874"
V0124,2026-07-12 07:33:13,Seatbelt Violation,"40.705628,-74.011191"
V0125,2026-09-09 15:05:56,Speeding,"40.721811,-73.994450"
V0126,2026-08-22 12:38:28,Seatbelt Violation,"40.743397,-73.987194"
V0127,2026-08-23 16:31:33,Illegal Turn,"40.741952,-73.984841"
V0128,2026-07-30 20:49:08,DUI,"40.746348,-73.985739"
V0129,2026-07-19 11:45:14,Using Mobile Phone,"40.809023,-73.959514"
V0130,2026-07-18 12:20:10,DUI,"40.806397,-73.964704"
V0131,2026-07-17 09:37:25,Using Mobile Phone,"40.756704,-73.987564"
V0132,2026-07-21 07:40:07,Using Mobile Phone,"40.795767,-73.961136"
V0133,2026-07-17 08:12:11,Using Mobile Phone,"40.735979,-73.996706"
V0134,2026-08-28 15:43:59,Using Mobile Phone,"40.804685,-73.963323"
V0135,2026-08-30 09:03:22,Using Mobile Phone,"40.755033,-73.977584"
V0136,2026-08-12 12:37:35,DUI,"40.755733,-73.983580"
V0137,2026-08-10 14:03:28,Speeding,"40.749704,-73.985171"
V0138,2026-08-03 11:18:24,Seatbelt Violation,"40.750019,-73.984013"
V0139,2026-08-01 07:43:24,Reckless Driving,"40.753988,-73.989126"
V0140,2026-07-20 19:19:41,Illegal Turn,"40.695169,-74.016876"
V0141,2026-08-21 17:52:08,Illegal Turn,"40.807574,-73.968405"
V0142,2026-07-23 09:08:09,Speeding,"40.742408,-73.990778"
V0143,2026-07-21 08:44:49,Using Mobile Phone,"40.731484,-74.000651"
V0144,2026-08-08 15:48:47,DUI,"40.703101,-74.004501"
V0145,2026-08-23 20:28:29,DUI,"40.753199,-73.986533"
V0146,2026-07-23 17:08:55,Reckless Driving,"40.767620,-73.984979"
V0147,2026-09-03 14:07:18,Speeding,"40.724123,-73.991578"
V0148,2026-08-08 18:59:01,Seatbelt Violation,"40.756581,-73.986563"
V0149,2026-07-25 05:59:06,DUI,"40.751298,-73.996438"
V0150,2026-08-24 18:48:45,Seatbelt Violation,"40.716610,-74.007181"
V0151,2026-08-29 10:19:07,Speeding,"40.726163,-73.996914"
V0152,2026-09-06 14:34:01,Illegal Turn,"40.809787,-73.965541"
V0153,2026-07-22 16:05:33,Reckless Driving,"40.766530,-73.980510"
V0154,2026-07-12 12:30:02,Illegal Turn,"40.701115,-74.003985"
V0155,2026-08-27 17:08:02,Reckless Driving,"40.803623,-73.953613"
V0156,2026-08-24 13:11:51,Red Light Violation,"40.755707,-73.990229"
V0157,2026-08-10 09:48:41,Red Light Violation,"40.742802,-73.981003"
V0158,2026-07-18 17:27:56,Seatbelt Violation,"40.711619,-74.000734"
V0159,2026-08-11 11:51:33,Reckless Driving,"40.760115,-73.980553"
V0160,2026-08-14 10:06:05,Reckless Driving,"40.744223,-73.987743"
V0161,2026-08-02 13:46:55,Reckless Driving,"40.797444,-73.968495"
V0162,2026-08-23 08:01:09,DUI,"40.810219,-73.966796"
V0163,2026-08-21 11:24:36,Speeding,"40.802096,-73.964590"
V0164,2026-07-15 15:33:23,Seatbelt Violation,"40.750110,-73.985713"
V0165,2026-08-15 07:49:16,Illegal Turn,"40.699792,-74.011776"
V0166,2026-07-15 13:57:45,Seatbelt Violation,"40.761994,-73.988069"
V0167,2026-07-21 16:59:44,Illegal Turn,"40.734628,-74.000565"
V0168,2026-07-19 09:31:01,Reckless Driving,"40.808664,-73.965686"
V0169,2026-08-10 14:49:26,DUI,"40.809720,-73.960243"
V0170,2026-09-05 18:35:40,Using Mobile Phone,"40.732137,-73.996314"
V0171,2026-09-02 08:09:19,Red Light Violation,"40.724267,-74.002362"
V0172,2026-08-15 09:40:19,Using Mobile Phone,"40.797786,-73.960722"
V0173,2026-07-21 16:46:57,Using Mobile Phone,"40.755133,-73.983812"
V0174,2026-08-29 15:39:40,Speeding,"40.713443,-74.007056"
V0175,2026-07-26 17:43:25,Reckless Driving,"40.705096,-74.015254"
V0176,2026-07-31 18:20:46,DUI,"40.745867,-73.988608"
V0177,2026-07-28 13:09:06,Speeding,"40.745235,-73.979231"
V0178,2026-07-16 20:32:29,Red Light Violation,"40.730251,-74.001160"
V0179,2026-09-02 16:30:18,Using Mobile Phone,"40.763233,-73.981931"
V0180,2026-08-05 06:35:12,Reckless Driving,"40.804545,-73.963546"
V0181,2026-09-01 22:43:39,Speeding,"40.736224,-73.992673"
V0182,2026-09-09 11:09:12,Using Mobile Phone,"40.806619,-73.957176"
V0183,2026-07-20 15:32:08,Reckless Driving,"40.804936,-73.956251"
V0184,2026-08-17 11:53:32,Using Mobile Phone,"40.708657,-74.004512"
V0185,2026-08-23 07:26:37,Reckless Driving,"40.759132,-73.984629"
V0186,2026-07-14 15:10:33,Illegal Turn,"40.811300,-73.958959"
V0187,2026-08-16 20:07:12,Speeding,"40.704217,-74.006029"
V0188,2026-08-29 15:30:55,DUI,"40.761667,-73.985798"
V0189,2026-07-22 13:34:21,Using Mobile Phone,"40.759798,-73.977804"
V0190,2026-07-27 15:12:15,Reckless Driving,"40.813174,-73.962781"
V0191,2026-08-15 19:50:46,Reckless Driving,"40.738370,-73.982018"
V0192,2026-07-29 20:05:22,Seatbelt Violation,"40.751099,-73.981841"
V0193,2026-08-15 16:08:06,Using Mobile Phone,"40.811988,-73.965147"
V0194,2026-08-01 16:06:43,DUI,"40.735706,-73.996742"
V0195,2026-07-29 10:41:03,DUI,"40.759701,-73.971821"
V0196,2026-07-13 19:11:26,DUI,"40.718780,-73.992006"
V0197,2026-07-13 01:36:38,Speeding,"40.749134,-73.986040"
V0198,2026-07-18 10:46:29,Illegal Turn,"40.746418,-73.983846"
V0199,2026-08-19 18:57:25,DUI,"40.706244,-74.007019"
V0200,2026-07-19 13:59:15,Speeding,"40.746595,-73.988681"
V0201,2026-08-17 16:00:16,Illegal Turn,"40.750163,-73.990424"
V0202,2026-08-05 16:59:57,Illegal Turn,"40.752918,-73.979724"
V0203,2026-07-25 09:08:30,Red Light Violation,"40.711490,-74.010401"
V0204,2026-08-10 17:51:42,DUI,"40.736527,-73.992635"
V0205,2026-08-13 13:45:23,Speeding,"40.811831,-73.962224"
V0206,2026-09-03 14:07:43,Red Light Violation,"40.806552,-73.963095"
V0207,2026-07-19 14:29:36,Speeding,"40.805829,-73.959429"
V0208,2026-09-01 00:13:37,Speeding,"40.755816,-73.985124"
V0209,2026-09-06 07:59:30,Speeding,"40.745016,-73.983541"
V0210,2026-09-06 12:55:58,Seatbelt Violation,"40.709806,-74.005294"
V0211,2026-08-14 12:08:46,Red Light Violation,"40.756870,-73.986548"
V0212,2026-07-25 09:22:09,Reckless Driving,"40.726539,-73.999304"
V0213,2026-07-13 13:43:45,DUI,"40.756862,-73.975756"
V0214,2026-07-19 14:18:14,DUI,"40.803637,-73.960422"
V0215,2026-07-30 18:42:33,Red Light Violation,"40.704278,-73.999361"
V0216,2026-08-07 15:03:22,Illegal Turn,"40.709698,-74.009644"
V0217,2026-08-04 08:34:30,Red Light Violation,"40.723655,-73.979888"
V0218,2026-08-15 14:24:15,Reckless Driving,"40.727919,-73.997185"
V0219,2026-08-14 16:12:03,Reckless Driving,"40.709852,-74.004852"
V0220,2026-08-28 15:42:35,Red Light Violation,"40.703048,-74.000617"
V0221,2026-08-28 13:15:44,Using Mobile Phone,"40.728334,-73.998634"
V0222,2026-08-09 14:22:19,Reckless Driving,"40.748619,-73.987333"
V0223,2026-09-07 08:20:26,Speeding,"40.810074,-73.964786"
V0224,2026-07-25 11:53:15,Seatbelt Violation,"40.811708,-73.974267"
V0225,2026-08-26 16:31:29,Red Light Violation,"40.738257,-73.986906"
V0226,2026-08-14 22:03:33,Speeding,"40.761859,-73.981677"
V0227,2026-08-25 08:13:32,Seatbelt Violation,"40.748869,-73.985270"
V0228,2026-08-12 17:43:27,DUI,"40.725773,-73.995272"
V0229,2026-07-28 17:05:23,Seatbelt Violation,"40.698658,-74.000183"
V0230,2026-09-03 16:02:05,Seatbelt Violation,"40.704089,-74.004853"
V0231,2026-07-16 14:27:41,DUI,"40.752377,-73.993056"
V0232,2026-07-13 09:57:55,Illegal Turn,"40.807280,-73.954753"
V0233,2026-07-13 08:54:20,Speeding,"40.732513,-73.993468"
V0234,2026-07-15 10:36:15,Using Mobile Phone,"40.709405,-74.012628"
V0235,2026-08-30 22:46:05,Using Mobile Phone,"40.741599,-73.981294"
V0236,2026-08-29 15:38:25,DUI,"40.742848,-73.987525"
V0237,2026-08-22 11:49:39,Reckless Driving,"40.731491,-74.006787"
V0238,2026-08-20 08:24:20,Reckless Driving,"40.756014,-73.986836"
V0239,2026-08-12 12:01:05,Reckless Driving,"40.798816,-73.965050"
V0240,2026-07-29 12:49:05,Illegal Turn,"40.808243,-73.963788"
V0241,2026-07-30 09:09:04,Red Light Violation,"40.703356,-74.005005"
V0242,2026-09-09 09:40:31,Using Mobile Phone,"40.804576,-73.966389"
V0243,2026-08-31 18:28:21,Seatbelt Violation,"40.802906,-73.956926"
V0244,2026-08-24 16:36:50,Red Light Violation,"40.742606,-73.986736"
V0245,2026-08-16 08:34:11,Illegal Turn,"40.812308,-73.954861"
V0246,2026-07-19 16:15:16,Illegal Turn,"40.738253,-73.996797"
V0247,2026-08-12 19:55:44,Seatbelt Violation,"40.816714,-73.953199"
V0248,2026-07-17 17:42:42,Reckless Driving,"40.730819,-73.999982"
V0249,2026-08-30 12:00:06,Reckless Driving,"40.729690,-73.994874"
V0250,2026-08-08 11:29:49,Illegal Turn,"40.809423,-73.959571"
V0251,2026-08-01 13:13:33,Seatbelt Violation,"40.748036,-73.983222"
V0252,2026-07-30 06:45:07,Speeding,"40.752331,-73.988361"
V0253,2026-07-21 10:27:29,Red Light Violation,"40.707468,-74.006568"
V0254,2026-08-27 15:12:28,Using Mobile Phone,"40.702871,-74.018989"
V0255,2026-08-31 17:36:06,DUI,"40.803516,-73.963094"
V0256,2026-09-04 14:40:20,Using Mobile Phone,"40.708412,-74.017244"
V0257,2026-08-19 08:43:45,DUI,"40.757163,-73.983551"
V0258,2026-07-26 10:11:23,Illegal Turn,"40.729660,-74.001540"
V0259,2026-07-22 13:34:44,Illegal Turn,"40.730423,-74.001001"
V0260,2026-08-08 15:55:22,Speeding,"40.714145,-74.008937"
V0261,2026-08-06 16:28:31,Red Light Violation,"40.760748,-73.988818"
V0262,2026-08-29 13:47:49,DUI,"40.706581,-74.004420"
V0263,2026-09-01 17:48:46,Seatbelt Violation,"40.803300,-73.956755"
V0264,2026-07-26 10:02:28,Reckless Driving,"40.751786,-73.979144"
V0265,2026-09-04 16:40:27,Red Light Violation,"40.803600,-73.964380"
V0266,2026-08-14 08:45:18,Reckless Driving,"40.800060,-73.950787"
V0267,2026-08-23 12:09:36,Illegal Turn,"40.750155,-73.981838"
V0268,2026-08-27 09:59:56,Reckless Driving,"40.711841,-74.001381"
V0269,2026-08-09 16:44:22,DUI,"40.762211,-73.985567"
V0270,2026-07-29 11:36:08,Using Mobile Phone,"40.712728,-74.014198"
V0271,2026-08-07 08:44:58,Red Light Violation,"40.742788,-73.989109"
V0272,2026-09-06 16:03:25,Illegal Turn,"40.756320,-73.986368"
V0273,2026-07-17 00:30:04,Red Light Violation,"40.800161,-73.963368"
V0274,2026-07-15 09:05:46,DUI,"40.752618,-73.988290"
V0275,2026-09-01 17:08:41,Illegal Turn,"40.721023,-73.995368"
V0276,2026-08-02 16:40:47,Red Light Violation,"40.707886,-74.012322"
V0277,2026-08-26 12:27:20,DUI,"40.723412,-74.001914"
V0278,2026-08-26 15:49:44,Speeding,"40.741972,-73.990091"
V0279,2026-08-21 06:57:50,Red Light Violation,"40.704810,-74.007525"
V0280,2026-09-05 21:23:59,Reckless Driving,"40.723472,-73.997996"
V0281,2026-07-22 17:49:04,Speeding,"40.802472,-73.957571"
V0282,2026-08-20 16:49:26,Seatbelt Violation,"40.698371,-74.007422"
V0283,2026-07-30 07:58:13,DUI,"40.730012,-73.989539"
V0284,2026-08-23 16:19:44,Seatbelt Violation,"40.728472,-73.995148"
V0285,2026-08-27 16:11:07,Speeding,"40.731567,-73.988354"
V0286,2026-08-30 17:16:10,Reckless Driving,"40.731765,-73.991342"
V0287,2026-08-07 09:04:16,Illegal Turn,"40.809671,-73.962502"
V0288,2026-09-03 15:23:10,Reckless Driving,"40.768378,-74.000126"
V0289,2026-07-22 19:54:02,Using Mobile Phone,"40.702957,-74.003555"
V0290,2026-09-01 07:23:07,Using Mobile Phone,"40.751087,-73.997535"
V0291,2026-07-31 07:29:00,Reckless Driving,"40.721204,-73.993787"
V0292,2026-08-03 15:31:49,DUI,"40.733897,-73.993511"
V0293,2026-09-08 12:14:34,Reckless Driving,"40.766936,-73.983325"
V0294,2026-08-13 21:26:31,Speeding,"40.731502,-73.995933"
V0295,2026-08-03 13:47:05,Using Mobile Phone,"40.758128,-73.987721"
V0296,2026-07-14 12:08:15,Reckless Driving,"40.742938,-73.988423"
V0297,2026-07-25 07:12:08,DUI,"40.806869,-73.967670"
V0298,2026-08-29 08:19:29,Reckless Driving,"40.752313,-73.984371"
V0299,2026-09-03 10:05:45,Red Light Violation,"40.747464,-73.995291"
V0300,2026-07-22 05:25:54,Seatbelt Violation,"40.810337,-73.964260"
V0301,2026-07-19 08:03:53,DUI,"40.726536,-73.993529"
V0302,2026-07-27 19:04:01,Speeding,"40.735703,-73.992274"
V0303,2026-07-13 20:03:10,Using Mobile Phone,"40.710661,-74.012374"
V0304,2026-07-22 09:28:56,Red Light Violation,"40.760555,-73.982979"
V0305,2026-09-05 15:03:05,Reckless Driving,"40.702213,-74.001842"
V0306,2026-08-20 22:34:50,Speeding,"40.709873,-74.008059"
V0307,2026-09-07 15:20:24,Reckless Driving,"40.719680,-73.996878"
V0308,2026-08-17 23:10:06,Red Light Violation,"40.718599,-74.004246"
V0309,2026-09-03 08:15:37,Reckless Driving,"40.749649,-73.979253"
V0310,2026-07-30 08:02:05,Speeding,"40.730390,-73.996783"
V0311,2026-08-19 08:08:21,Illegal Turn,"40.738475,-73.997496"
V0312,2026-07-30 10:10:46,Seatbelt Violation,"40.707650,-74.014575"
V0313,2026-07-22 11:46:44,Reckless Driving,"40.733556,-73.995792"
V0314,2026-07-31 19:39:14,Illegal Turn,"40.800760,-73.964170"
V0315,2026-08-02 21:10:40,Speeding,"40.747777,-73.988005"
V0316,2026-07-27 17:46:00,Speeding,"40.705187,-74.013684"
V0317,2026-09-05 11:34:24,Speeding,"40.711970,-74.005940"
V0318,2026-08-08 07:54:02,Reckless Driving,"40.754014,-73.981539"
V0319,2026-07-16 11:39:57,Seatbelt Violation,"40.756299,-73.983873"
V0320,2026-07-14 07:13:12,Seatbelt Violation,"40.814553,-73.965402"
V0321,2026-07-26 07:25:36,Using Mobile Phone,"40.701451,-74.009680"
V0322,2026-08-22 15:30:12,Speeding,"40.751053,-73.977727"
V0323,2026-07-18 10:25:30,Seatbelt Violation,"40.740707,-73.987721"
V0324,2026-07-27 13:16:14,DUI,"40.749049,-73.983834"
V0325,2026-08-22 11:34:26,DUI,"40.805011,-73.964628"
V0326,2026-08-14 16:59:30,Using Mobile Phone,"40.729279,-73.996319"
V0327,2026-08-31 15:39:09,Speeding,"40.700539,-74.001382"
V0328,2026-09-01 15:53:38,Reckless Driving,"40.742330,-73.987007"
V0329,2026-07-28 14:58:55,Speeding,"40.810941,-73.966509"
V0330,2026-08-16 15:48:06,Speeding,"40.818692,-73.958195"
V0331,2026-08-21 13:38:30,Speeding,"40.727250,-73.993458"
V0332,2026-07-13 12:56:21,Illegal Turn,"40.722133,-73.999663"
V0333,2026-08-01 17:19:19,Reckless Driving,"40.715850,-74.015478"
V0334,2026-08-29 17:17:46,Seatbelt Violation,"40.809037,-73.954007"
V0335,2026-09-04 11:03:32,DUI,"40.725724,-73.996017"
V0336,2026-07-22 08:53:12,DUI,"40.754047,-73.996485"
V0337,2026-08-12 12:59:07,Illegal Turn,"40.753670,-73.997210"
V0338,2026-08-10 15:22:22,Red Light Violation,"40.755263,-73.988705"
V0339,2026-07-21 18:49:13,DUI,"40.733422,-73.999854"
V0340,2026-07-12 18:49:43,Speeding,"40.716110,-74.007925"
V0341,2026-07-27 15:19:45,Illegal Turn,"40.747352,-73.987435"
V0342,2026-08-09 10:33:52,Using Mobile Phone,"40.706830,-74.002162"
V0343,2026-08-18 15:19:43,Speeding,"40.714807,-74.015892"
V0344,2026-09-06 16:12:09,Using Mobile Phone,"40.735984,-73.992187"
V0345,2026-08-26 04:31:18,Reckless Driving,"40.702992,-74.004673"
V0346,2026-08-25 09:34:40,DUI,"40.706506,-74.011831"
V0347,2026-07-19 17:46:51,Using Mobile Phone,"40.731203,-74.002528"
V0348,2026-08-03 09:18:29,DUI,"40.756108,-73.972630"
V0349,2026-07-15 13:12:32,Speeding,"40.706536,-74.005054"
V0350,2026-07-23 11:36:57,Seatbelt Violation,"40.723961,-73.991831"
V0351,2026-08-20 22:20:40,Speeding,"40.757480,-73.979963"
V0352,2026-07-21 14:48:49,Speeding,"40.732179,-73.997540"
V0353,2026-07-23 17:00:57,Reckless Driving,"40.799289,-73.961153"
V0354,2026-08-24 18:19:08,Speeding,"40.706141,-74.001730"
V0355,2026-08-13 15:21:27,Illegal Turn,"40.715821,-73.997988"
V0356,2026-09-09 19:51:25,Speeding,"40.729545,-73.987789"
V0357,2026-08-04 18:16:49,Using Mobile Phone,"40.811510,-73.963752"
V0358,2026-08-15 09:44:09,Red Light Violation,"40.752958,-73.983591"
V0359,2026-08-18 16:26:53,Speeding,"40.809627,-73.965830"
V0360,2026-07-27 18:12:22,Illegal Turn,"40.704273,-74.008839"
V0361,2026-09-08 13:15:00,Speeding,"40.759704,-73.992701"
V0362,2026-08-26 16:57:16,Illegal Turn,"40.713164,-73.998630"
V0363,2026-09-01 08:02:54,Reckless Driving,"40.752164,-73.983439"
V0364,2026-08-28 18:00:54,Red Light Violation,"40.715566,-73.991165"
V0365,2026-08-26 07:52:21,Red Light Violation,"40.754814,-73.979213"
V0366,2026-07-18 08:46:03,DUI,"40.729155,-73.997865"
V0367,2026-08-29 11:01:55,Illegal Turn,"40.729216,-73.990556"
V0368,2026-07-15 09:20:00,Illegal Turn,"40.812920,-73.960398"
V0369,2026-08-13 16:39:06,Seatbelt Violation,"40.729039,-73.995075"
V0370,2026-09-01 15:39:03,Speeding,"40.729590,-73.996543"
V0371,2026-08-28 14:15:21,Reckless Driving,"40.758132,-73.991192"
V0372,2026-07-16 13:51:36,Seatbelt Violation,"40.763532,-73.992007"
V0373,2026-08-21 03:25:26,Speeding,"40.809919,-73.951864"
V0374,2026-08-15 08:42:29,Reckless Driving,"40.752821,-73.979966"
V0375,2026-08-25 16:45:28,Speeding,"40.760858,-73.993499"
V0376,2026-08-31 10:33:23,Illegal Turn,"40.747108,-73.983372"
V0377,2026-08-19 08:07:59,DUI,"40.702091,-74.005314"
V0378,2026-07-18 17:28:29,Illegal Turn,"40.807479,-73.956979"
V0379,2026-08-12 17:58:11,Illegal Turn,"40.797571,-73.961257"
V0380,2026-09-05 12:38:58,Illegal Turn,"40.736876,-74.001855"
V0381,2026-08-24 18:32:19,DUI,"40.818238,-73.969427"
V0382,2026-07-29 16:58:43,Red Light Violation,"40.729609,-73.998222"
V0383,2026-08-02 15:37:36,Illegal Turn,"40.720182,-74.006427"
V0384,2026-08-07 17:33:06,Speeding,"40.696874,-74.019104"
V0385,2026-07-21 22:43:16,Red Light Violation,"40.760319,-73.982499"
V0386,2026-09-04 16:35:55,Red Light Violation,"40.805551,-73.954221"
V0387,2026-08-24 16:59:24,Seatbelt Violation,"40.702512,-74.004080"
V0388,2026-09-04 13:14:58,Illegal Turn,"40.753226,-73.981738"
V0389,2026-07-23 10:11:43,Speeding,"40.726925,-73.987380"
V0390,2026-08-29 19:39:53,Illegal Turn,"40.748210,-73.991336"
V0391,2026-07-31 14:11:33,Speeding,"40.801105,-73.963873"
V0392,2026-09-05 09:21:21,Reckless Driving,"40.738636,-73.990580"
V0393,2026-08-19 19:15:02,Illegal Turn,"40.743407,-73.990161"
V0394,2026-08-26 09:58:33,DUI,"40.748650,-73.985861"
V0395,2026-08-21 08:32:05,Speeding,"40.730263,-74.003196"
V0396,2026-07-24 18:27:53,Speeding,"40.730589,-73.993997"
V0397,2026-08-09 16:02:05,Speeding,"40.754308,-73.979549"
V0398,2026-08-08 16:27:20,Speeding,"40.709296,-74.005622"
V0399,2026-08-28 17:02:44,DUI,"40.755545,-73.991239"
V0400,2026-08-18 07:48:59,Seatbelt Violation,"40.703448,-74.009278"
V0401,2026-07-19 17:50:51,DUI,"40.802694,-73.961571"
V0402,2026-08-15 20:19:13,Illegal Turn,"40.751915,-73.992775"
V0403,2026-07-27 08:11:42,DUI,"40.806762,-73.964525"
V0404,2026-07-17 08:37:31,Reckless Driving,"40.739144,-73.994717"
V0405,2026-09-06 08:31:28,Reckless Driving,"40.811961,-73.969484"
V0406,2026-08-31 10:27:10,Speeding,"40.745603,-73.982052"
V0407,2026-09-02 11:43:46,Reckless Driving,"40.705603,-74.012522"
V0408,2026-07-22 16:05:53,Reckless Driving,"40.733677,-73.991135"
V0409,2026-08-26 07:01:54,Using Mobile Phone,"40.764368,-73.982567"
V0410,2026-07-13 15:34:57,Using Mobile Phone,"40.707651,-74.017294"
V0411,2026-08-17 17:18:08,Seatbelt Violation,"40.807648,-73.962545"
V0412,2026-09-03 20:39:43,Red Light Violation,"40.803831,-73.961289"
V0413,2026-09-04 21:47:46,Seatbelt Violation,"40.745272,-73.992584"
V0414,2026-08-13 19:23:24,Seatbelt Violation,"40.707521,-74.016328"
V0415,2026-08-17 14:11:24,Illegal Turn,"40.702767,-74.002847"
V0416,2026-08-04 21:14:33,Seatbelt Violation,"40.752555,-73.986370"
V0417,2026-08-12 16:13:09,Red Light Violation,"40.725320,-74.000754"
V0418,2026-08-31 10:07:30,Illegal Turn,"40.705660,-74.006656"
V0419,2026-07-26 06:36:37,Red Light Violation,"40.730656,-73.995843"
V0420,2026-07-27 19:33:25,Using Mobile Phone,"40.817217,-73.951657"
V0421,2026-09-09 07:28:38,Seatbelt Violation,"40.710311,-74.005440"
V0422,2026-08-22 14:10:46,Illegal Turn,"40.757379,-73.991648"
V0423,2026-07-19 07:12:33,DUI,"40.816616,-73.961500"
V0424,2026-09-06 15:02:56,DUI,"40.807532,-73.962775"
V0425,2026-08-18 14:00:57,DUI,"40.706400,-74.017129"
V0426,2026-07-25 20:30:50,DUI,"40.699537,-74.007663"
V0427,2026-07-27 13:14:58,DUI,"40.757034,-73.976981"
V0428,2026-08-16 14:33:00,Seatbelt Violation,"40.731854,-73.997898"
V0429,2026-08-21 15:16:54,Using Mobile Phone,"40.707529,-74.001799"
V0430,2026-07-24 12:50:35,Seatbelt Violation,"40.726999,-73.999546"
V0431,2026-08-02 17:25:47,Red Light Violation,"40.761841,-73.983460"
V0432,2026-07-24 14:50:21,DUI,"40.810601,-73.968890"
V0433,2026-08-20 00:05:52,Red Light Violation,"40.712570,-74.013605"
V0434,2026-07-16 15:46:24,Seatbelt Violation,"40.809377,-73.959754"
V0435,2026-08-11 13:12:54,Illegal Turn,"40.809263,-73.965371"
V0436,2026-07-13 11:41:00,Red Light Violation,"40.755917,-73.983969"
V0437,2026-08-27 16:58:05,Using Mobile Phone,"40.752800,-73.984610"
V0438,2026-09-01 09:38:12,Seatbelt Violation,"40.706970,-74.009691"
V0439,2026-07-15 14:21:07,DUI,"40.813819,-73.960245"
V0440,2026-08-28 11:49:29,Illegal Turn,"40.705892,-74.013562"
V0441,2026-07-25 16:14:51,Reckless Driving,"40.714180,-74.011181"
V0442,2026-08-23 17:21:04,Using Mobile Phone,"40.729189,-73.991873"
V0443,2026-09-09 17:59:58,Red Light Violation,"40.708758,-74.011812"
V0444,2026-07-25 08:15:53,Using Mobile Phone,"40.745097,-73.982070"
V0445,2026-08-28 18:02:54,Seatbelt Violation,"40.750439,-73.979488"
V0446,2026-08-28 19:17:25,Red Light Violation,"40.800776,-73.973520"
V0447,2026-07-13 14:25:55,Illegal Turn,"40.729083,-73.996272"
V0448,2026-07-11 02:13:24,Using Mobile Phone,"40.754133,-73.990066"
V0449,2026-07-26 09:39:21,Reckless Driving,"40.729487,-73.993757"
V0450,2026-09-03 12:28:11,Using Mobile Phone,"40.739153,-73.990634"
V0451,2026-09-03 11:09:51,Illegal Turn,"40.729266,-73.997278"
V0452,2026-09-06 18:33:34,Illegal Turn,"40.751897,-73.984467"
V0453,2026-08-05 07:10:03,Red Light Violation,"40.747856,-73.986346"
V0454,2026-08-03 11:35:59,DUI,"40.746127,-73.989686"
V0455,2026-08-18 08:36:41,Illegal Turn,"40.803697,-73.963007"
V0456,2026-09-05 07:39:18,Seatbelt Violation,"40.738289,-73.990142"
V0457,2026-08-19 15:54:58,Speeding,"40.754243,-73.987717"
V0458,2026-07-28 15:25:17,Seatbelt Violation,"40.752839,-73.986212"
V0459,2026-09-03 04:46:15,Illegal Turn,"40.755593,-73.992438"
V0460,2026-08-28 23:06:16,Using Mobile Phone,"40.728274,-73.992840"
V0461,2026-07-19 08:53:10,Speeding,"40.768047,-73.988362"
V0462,2026-09-04 14:17:35,Seatbelt Violation,"40.722616,-73.993413"
V0463,2026-08-16 12:40:40,Using Mobile Phone,"40.755167,-73.988271"
V0464,2026-07-30 11:16:09,Reckless Driving,"40.762549,-73.985766"
V0465,2026-09-08 14:48:30,Reckless Driving,"40.769288,-73.981406"
V0466,2026-08-15 11:26:56,Using Mobile Phone,"40.705021,-74.005467"
V0467,2026-08-04 09:05:27,Illegal Turn,"40.730212,-73.993327"
V0468,2026-07-28 09:47:34,DUI,"40.743301,-73.989535"
V0469,2026-08-20 13:28:17,Illegal Turn,"40.807399,-73.964736"
V0470,2026-08-08 16:14:05,Red Light Violation,"40.757916,-73.993559"
V0471,2026-08-03 13:50:02,Reckless Driving,"40.751061,-73.994912"
V0472,2026-08-08 09:02:12,Seatbelt Violation,"40.768139,-73.986232"
V0473,2026-07-30 19:10:40,Illegal Turn,"40.762660,-73.991748"
V0474,2026-07-30 08:56:03,DUI,"40.728927,-73.990420"
V0475,2026-08-05 17:00:02,Using Mobile Phone,"40.708013,-74.005708"
V0476,2026-08-11 07:39:21,DUI,"40.766281,-73.989683"
V0477,2026-08-15 17:48:22,DUI,"40.702296,-74.004781"
V0478,2026-08-14 16:12:36,Red Light Violation,"40.802617,-73.974027"
V0479,2026-09-07 18:10:04,Using Mobile Phone,"40.727096,-73.995846"
V0480,2026-08-29 16:24:46,Red Light Violation,"40.759615,-73.983982"
V0481,2026-07-15 16:34:52,Seatbelt Violation,"40.729911,-73.995359"
V0482,2026-07-31 12:20:07,Speeding,"40.808925,-73.960611"
V0483,2026-08-11 14:44:37,Reckless Driving,"40.755091,-73.990412"
V0484,2026-09-05 18:29:51,Illegal Turn,"40.753350,-73.983370"
V0485,2026-08-26 07:19:04,Red Light Violation,"40.807835,-73.962301"
V0486,2026-08-20 20:35:47,Using Mobile Phone,"40.715132,-74.006782"
V0487,2026-08-24 16:56:06,Red Light Violation,"40.730365,-73.993601"
V0488,2026-08-18 13:22:57,Reckless Driving,"40.813742,-73.967266"
V0489,2026-08-07 18:20:38,Red Light Violation,"40.808126,-73.960913"
V0490,2026-08-03 20:28:25,Speeding,"40.755571,-73.983252"
V0491,2026-08-15 14:36:59,Using Mobile Phone,"40.723051,-74.000513"
V0492,2026-09-05 15:14:16,DUI,"40.742568,-73.976440"
V0493,2026-07-22 13:57:44,Illegal Turn,"40.810530,-73.961332"
V0494,2026-08-31 15:05:49,Speeding,"40.741267,-73.991118"
V0495,2026-09-04 17:47:41,DUI,"40.808699,-73.962293"
V0496,2026-08-16 08:32:44,Red Light Violation,"40.727843,-73.994852"
V0497,2026-07-25 12:50:25,Red Light Violation,"40.726819,-73.991843"
V0498,2026-07-27 07:32:27,DUI,"40.733830,-74.000782"
V0499,2026-08-16 08:39:47,Using Mobile Phone,"40.726488,-73.998403"
V0500,2026-08-16 07:42:26,Seatbelt Violation,"40.746484,-73.984875"
V0501,2026-07-30 08:22:39,DUI,"40.707988,-74.004053"
V0502,2026-08-23 11:48:46,DUI,"40.751937,-73.985091"
V0503,2026-08-13 17:35:30,Using Mobile Phone,"40.734544,-74.007765"
V0504,2026-08-13 06:10:03,Reckless Driving,"40.735993,-74.003398"
V0505,2026-07-28 16:58:42,Reckless Driving,"40.759667,-73.990517"
V0506,2026-09-04 15:05:11,Red Light Violation,"40.809398,-73.957389"
V0507,2026-08-11 12:10:01,Reckless Driving,"40.746622,-73.987750"
V0508,2026-07-27 18:56:52,Speeding,"40.812475,-73.964835"
V0509,2026-07-19 07:24:33,Illegal Turn,"40.817698,-73.964260"
V0510,2026-08-07 21:58:38,Reckless Driving,"40.706557,-74.015559"
V0511,2026-08-31 08:08:19,Illegal Turn,"40.813664,-73.959520"
V0512,2026-07-21 10:35:34,Illegal Turn,"40.763679,-73.973684"
V0513,2026-08-20 19:17:09,DUI,"40.725363,-73.990698"
V0514,2026-07-28 15:39:14,Using Mobile Phone,"40.728735,-74.000925"
V0515,2026-08-10 08:12:14,Speeding,"40.702737,-74.006432"
V0516,2026-09-08 20:28:55,Using Mobile Phone,"40.718195,-74.002992"
V0517,2026-08-29 06:47:52,Seatbelt Violation,"40.733482,-73.984370"
V0518,2026-08-21 18:50:02,Using Mobile Phone,"40.755601,-73.985235"
V0519,2026-08-27 05:24:33,DUI,"40.753253,-73.987703"
V0520,2026-07-29 15:03:44,Using Mobile Phone,"40.728617,-74.003535"
V0521,2026-07-22 17:57:44,Using Mobile Phone,"40.728144,-74.003959"
V0522,2026-09-06 16:12:56,Seatbelt Violation,"40.751046,-73.983363"
V0523,2026-07-18 16:40:23,Speeding,"40.814010,-73.969088"
V0524,2026-07-13 17:58:21,Using Mobile Phone,"40.726112,-74.002601"
V0525,2026-08-08 10:11:07,Red Light Violation,"40.729440,-73.994671"
V0526,2026-07-24 15:30:29,Seatbelt Violation,"40.697078,-74.013638"
V0527,2026-08-19 15:52:52,Red Light Violation,"40.756485,-73.984175"
V0528,2026-07-16 06:26:11,Red Light Violation,"40.751489,-73.981870"
V0529,2026-07-22 21:47:37,Reckless Driving,"40.753019,-73.987315"
V0530,2026-07-15 17:53:35,Speeding,"40.748115,-73.981104"
V0531,2026-08-06 14:44:13,Using Mobile Phone,"40.757550,-73.990167"
V0532,2026-07-31 09:36:39,Reckless Driving,"40.731447,-73.992586"
V0533,2026-08-31 08:39:14,Illegal Turn,"40.747293,-73.984270"
V0534,2026-07-11 16:44:18,Reckless Driving,"40.754658,-73.983080"
V0535,2026-08-26 15:01:53,Red Light Violation,"40.727304,-73.989304"
V0536,2026-08-10 08:29:57,DUI,"40.813818,-73.970552"
V0537,2026-08-16 16:20:35,Using Mobile Phone,"40.750043,-73.978654"
V0538,2026-08-04 08:07:55,DUI,"40.750968,-73.992554"
V0539,2026-08-11 18:23:28,DUI,"40.744910,-73.986195"
V0540,2026-08-10 19:09:12,Reckless Driving,"40.710285,-74.006041"
V0541,2026-09-04 07:33:43,Red Light Violation,"40.733063,-73.992663"
V0542,2026-07-11 10:02:43,DUI,"40.812284,-73.953627"
V0543,2026-07-12 15:19:40,Red Light Violation,"40.744800,-73.984482"
V0544,2026-08-22 07:09:10,Reckless Driving,"40.758152,-73.987384"
V0545,2026-07-20 20:51:18,Using Mobile Phone,"40.725405,-73.989177"
V0546,2026-07-14 08:30:57,Illegal Turn,"40.757232,-73.983475"
V0547,2026-09-02 16:28:39,Reckless Driving,"40.746606,-73.974077"
V0548,2026-07-16 21:48:48,Seatbelt Violation,"40.814270,-73.963807"
V0549,2026-08-25 17:30:14,Red Light Violation,"40.737586,-73.990675"
V0550,2026-08-24 19:21:50,DUI,"40.747987,-73.986026"
V0551,2026-08-09 18:18:49,Reckless Driving,"40.808802,-73.965431"
V0552,2026-07-17 10:41:04,DUI,"40.748869,-73.987658"
V0553,2026-08-15 08:30:24,Speeding,"40.740220,-73.984824"
V0554,2026-08-24 09:42:42,Speeding,"40.810761,-73.961378"
V0555,2026-07-17 17:11:19,Seatbelt Violation,"40.760680,-73.980909"
V0556,2026-07-31 14:42:03,Speeding,"40.739006,-74.002919"
V0557,2026-08-04 15:28:12,Red Light Violation,"40.740047,-73.983874"
V0558,2026-08-12 12:08:54,Reckless Driving,"40.755513,-73.981206"
V0559,2026-09-04 09:01:15,Seatbelt Violation,"40.806170,-73.964226"
V0560,2026-08-14 09:11:30,Red Light Violation,"40.732534,-73.998556"
V0561,2026-07-29 23:42:08,Red Light Violation,"40.761699,-73.995458"
V0562,2026-08-06 18:57:50,Illegal Turn,"40.817297,-73.963279"
V0563,2026-09-01 13:22:14,Red Light Violation,"40.708225,-74.004903"
V0564,2026-08-12 09:59:34,Using Mobile Phone,"40.748173,-73.967705"
V0565,2026-07-16 08:46:33,DUI,"40.748074,-73.986615"
V0566,2026-08-22 07:40:34,DUI,"40.805802,-73.968659"
V0567,2026-08-10 13:57:30,Using Mobile Phone,"40.731213,-73.982101"
V0568,2026-07-13 16:38:47,Reckless Driving,"40.801957,-73.961031"
V0569,2026-08-22 22:51:47,Using Mobile Phone,"40.756007,-73.985177"
V0570,2026-07-28 09:39:17,Reckless Driving,"40.741563,-73.991108"
V0571,2026-08-31 08:50:44,Red Light Violation,"40.700307,-74.005107"
V0572,2026-08-04 09:28:46,Illegal Turn,"40.720163,-74.000215"
V0573,2026-08-28 17:03:10,Seatbelt Violation,"40.705711,-74.016018"
V0574,2026-08-04 13:09:33,DUI,"40.704735,-74.015939"
V0575,2026-09-03 09:17:17,DUI,"40.752953,-73.986527"
V0576,2026-07-26 17:37:49,Red Light Violation,"40.802997,-73.968669"
V0577,2026-08-23 01:04:00,Seatbelt Violation,"40.758689,-73.990136"
V0578,2026-07-27 08:01:39,Speeding,"40.762057,-73.994739"
V0579,2026-09-06 16:51:11,Speeding,"40.725531,-73.991489"
V0580,2026-08-07 16:42:49,DUI,"40.738907,-73.987737"
V0581,2026-08-04 11:03:16,DUI,"40.745802,-73.993012"
V0582,2026-08-07 09:41:06,Seatbelt Violation,"40.749217,-73.990186"
V0583,2026-07-20 16:00:59,Speeding,"40.699421,-74.000641"
V0584,2026-08-12 16:49:31,Seatbelt Violation,"40.703072,-74.012620"
V0585,2026-08-24 17:30:07,Using Mobile Phone,"40.813321,-73.959998"
V0586,2026-08-20 23:41:05,Reckless Driving,"40.812093,-73.964861"
V0587,2026-08-15 06:24:42,Red Light Violation,"40.750149,-73.995397"
V0588,2026-08-27 08:02:12,Speeding,"40.803830,-73.955558"
V0589,2026-08-11 14:53:51,Seatbelt Violation,"40.760650,-73.973352"
V0590,2026-07-20 17:14:59,Speeding,"40.761952,-73.984159"
V0591,2026-08-21 08:11:40,Speeding,"40.751448,-73.979905"
V0592,2026-07-15 17:06:07,Seatbelt Violation,"40.810792,-73.958049"
V0593,2026-08-31 18:47:43,Seatbelt Violation,"40.738104,-73.985120"
V0594,2026-08-30 09:02:37,Red Light Violation,"40.743240,-73.983045"
V0595,2026-08-03 15:28:15,Using Mobile Phone,"40.759818,-73.984378"
V0596,2026-08-24 17:49:30,Illegal Turn,"40.722502,-73.996163"
V0597,2026-09-09 08:44:02,Using Mobile Phone,"40.734302,-73.999434"
V0598,2026-08-15 09:07:33,Speeding,"40.802541,-73.962164"
V0599,2026-08-29 15:13:17,Speeding,"40.725595,-73.996525"
V0600,2026-09-08 06:41:23,Reckless Driving,"40.728658,-73.985666"
V0601,2026-07-13 07:03:59,Using Mobile Phone,"40.729638,-74.000590"
V0602,2026-08-17 10:12:47,Illegal Turn,"40.745798,-73.988761"
V0603,2026-08-06 18:24:57,Red Light Violation,"40.757517,-73.981583"
V0604,2026-09-08 15:11:24,Reckless Driving,"40.729050,-73.998161"
V0605,2026-08-01 08:44:36,Speeding,"40.747971,-73.997512"
V0606,2026-08-18 08:50:40,Using Mobile Phone,"40.730998,-74.000441"
V0607,2026-08-13 14:13:37,Seatbelt Violation,"40.699084,-74.006111"
V0608,2026-07-31 12:14:57,Using Mobile Phone,"40.728762,-73.996437"
V0609,2026-08-05 13:51:44,DUI,"40.757463,-73.984992"
V0610,2026-08-26 12:13:08,Reckless Driving,"40.743035,-73.984250"
V0611,2026-08-09 13:08:55,Illegal Turn,"40.709774,-74.011993"
V0612,2026-08-13 05:27:48,Reckless Driving,"40.809271,-73.959915"
V0613,2026-09-05 11:59:03,Using Mobile Phone,"40.745373,-73.987098"
V0614,2026-08-15 16:35:45,DUI,"40.724836,-73.995531"
V0615,2026-08-27 20:37:55,Illegal Turn,"40.738582,-74.011588"
V0616,2026-08-12 16:17:03,Speeding,"40.745816,-73.985439"
V0617,2026-08-25 14:52:34,Reckless Driving,"40.711285,-74.002599"
V0618,2026-07-16 12:11:18,Speeding,"40.754762,-73.989055"
V0619,2026-07-24 14:40:01,Reckless Driving,"40.714884,-74.013631"
V0620,2026-08-08 17:01:18,Red Light Violation,"40.763981,-73.988842"
V0621,2026-08-21 16:20:31,Using Mobile Phone,"40.812787,-73.964536"
V0622,2026-08-30 10:50:16,Red Light Violation,"40.704556,-74.005320"
V0623,2026-07-29 13:10:39,Red Light Violation,"40.816977,-73.960914"
V0624,2026-07-26 07:20:36,Red Light Violation,"40.703580,-74.008245"
V0625,2026-07-31 21:09:23,Seatbelt Violation,"40.808304,-73.960807"
V0626,2026-09-06 10:48:36,Illegal Turn,"40.738966,-73.991023"
V0627,2026-07-18 17:57:02,Red Light Violation,"40.808793,-73.964416"
V0628,2026-08-18 16:37:33,Red Light Violation,"40.745552,-73.976418"
V0629,2026-07-16 21:25:12,Seatbelt Violation,"40.750212,-73.988794"
V0630,2026-08-07 11:23:00,Reckless Driving,"40.751917,-73.995030"
V0631,2026-09-06 12:57:26,Red Light Violation,"40.808481,-73.962273"
V0632,2026-09-08 20:48:24,Speeding,"40.748926,-73.987151"
V0633,2026-08-25 15:58:08,Red Light Violation,"40.733511,-73.996956"
V0634,2026-07-30 18:19:31,Using Mobile Phone,"40.694782,-74.013041"
V0635,2026-08-20 18:30:07,Illegal Turn,"40.747001,-73.983567"
V0636,2026-07-18 17:31:04,Using Mobile Phone,"40.750001,-73.977207"
V0637,2026-08-10 21:52:07,Reckless Driving,"40.802570,-73.968232"
V0638,2026-08-24 08:10:03,Reckless Driving,"40.740545,-73.987440"
V0639,2026-08-13 16:04:32,Red Light Violation,"40.735159,-74.000715"
V0640,2026-07-31 18:43:51,Reckless Driving,"40.753504,-73.993955"
V0641,2026-09-01 08:08:33,Reckless Driving,"40.752467,-73.990573"
V0642,2026-09-02 08:57:35,Using Mobile Phone,"40.817827,-73.953812"
V0643,2026-08-06 13:04:07,DUI,"40.736478,-73.999036"
V0644,2026-09-01 13:38:33,DUI,"40.744356,-73.983321"
V0645,2026-07-19 18:09:44,Red Light Violation,"40.744705,-73.983058"
V0646,2026-08-29 13:27:02,Red Light Violation,"40.759505,-73.983383"
V0647,2026-07-23 08:22:01,Speeding,"40.735403,-74.002331"
V0648,2026-08-26 15:32:36,Speeding,"40.769579,-73.984630"
V0649,2026-07-29 08:48:34,Speeding,"40.763737,-73.983414"
V0650,2026-08-23 20:11:53,Reckless Driving,"40.704760,-74.012123"
V0651,2026-07-31 08:07:33,Red Light Violation,"40.713719,-74.008289"
V0652,2026-07-31 14:24:18,Seatbelt Violation,"40.813973,-73.958821"
V0653,2026-08-06 10:54:27,Red Light Violation,"40.763954,-73.983055"
V0654,2026-08-13 16:05:07,Red Light Violation,"40.704018,-74.002637"
V0655,2026-08-18 18:25:07,Red Light Violation,"40.708777,-74.004420"
V0656,2026-07-28 17:51:41,Seatbelt Violation,"40.747877,-73.987290"
V0657,2026-07-28 08:29:06,Speeding,"40.748281,-73.973679"
V0658,2026-08-11 16:11:24,Using Mobile Phone,"40.740521,-73.976414"
V0659,2026-08-30 13:18:42,Seatbelt Violation,"40.706190,-74.003022"
V0660,2026-07-12 20:02:27,Speeding,"40.703192,-74.009311"
V0661,2026-07-22 15:55:49,Reckless Driving,"40.729416,-73.992890"
V0662,2026-07-18 15:31:42,Using Mobile Phone,"40.808682,-73.956439"
V0663,2026-08-05 09:37:24,Using Mobile Phone,"40.751594,-73.994886"
V0664,2026-07-19 18:22:51,Illegal Turn,"40.805992,-73.964667"
V0665,2026-08-02 06:15:15,Red Light Violation,"40.757257,-73.991062"
V0666,2026-08-01 08:34:20,Speeding,"40.708443,-74.008581"
V0667,2026-07-12 16:37:01,Reckless Driving,"40.706991,-74.015544"
V0668,2026-08-24 16:21:31,Using Mobile Phone,"40.744318,-73.989037"
V0669,2026-07-30 23:25:51,Red Light Violation,"40.809794,-73.964100"
V0670,2026-08-31 14:27:13,Reckless Driving,"40.759862,-73.980900"
V0671,2026-08-14 10:26:25,Reckless Driving,"40.807901,-73.959175"
V0672,2026-08-20 16:55:11,Using Mobile Phone,"40.710000,-74.000775"
V0673,2026-08-19 18:58:27,Using Mobile Phone,"40.758300,-73.989057"
V0674,2026-08-23 17:54:27,Seatbelt Violation,"40.755858,-73.988504"
V0675,2026-07-21 09:38:15,Seatbelt Violation,"40.725398,-74.009131"
V0676,2026-08-09 13:27:27,Illegal Turn,"40.754485,-73.989743"
V0677,2026-08-21 18:46:31,DUI,"40.755726,-73.975134"
V0678,2026-09-05 07:53:46,DUI,"40.724223,-73.996498"
V0679,2026-08-22 18:49:59,Using Mobile Phone,"40.748367,-73.981925"
V0680,2026-07-31 10:37:47,Seatbelt Violation,"40.734277,-74.000791"
V0681,2026-07-28 13:16:55,Using Mobile Phone,"40.757868,-73.979869"
V0682,2026-08-07 13:15:17,DUI,"40.725367,-73.987828"
V0683,2026-09-09 06:58:50,Illegal Turn,"40.726056,-73.992519"
V0684,2026-09-06 17:07:34,DUI,"40.734517,-73.990709"
V0685,2026-09-07 09:05:59,DUI,"40.717140,-74.001694"
V0686,2026-07-31 18:49:41,Seatbelt Violation,"40.755893,-73.980784"
V0687,2026-08-27 12:53:21,Illegal Turn,"40.715329,-74.008716"
V0688,2026-08-18 16:35:47,Reckless Driving,"40.713135,-74.007314"
V0689,2026-08-08 17:08:00,Seatbelt Violation,"40.731104,-73.991872"
V0690,2026-09-02 16:08:54,Using Mobile Phone,"40.709788,-74.009501"
V0691,2026-07-27 08:37:52,Reckless Driving,"40.743985,-73.974040"
V0692,2026-08-09 08:44:54,Red Light Violation,"40.756514,-73.987758"
V0693,2026-08-03 08:36:07,Speeding,"40.800549,-73.963817"
V0694,2026-07-18 09:13:12,DUI,"40.744804,-73.991467"
V0695,2026-08-06 08:50:09,Speeding,"40.747841,-73.983684"
V0696,2026-07-16 01:08:55,Reckless Driving,"40.711691,-74.002024"
V0697,2026-07-27 07:35:03,Speeding,"40.755389,-73.988875"
V0698,2026-08-22 21:38:45,Illegal Turn,"40.759693,-73.988813"
V0699,2026-08-11 19:56:29,Red Light Violation,"40.754663,-73.988979"
V0700,2026-07-13 21:31:55,DUI,"40.752463,-73.988650"
V0701,2026-09-06 08:47:31,DUI,"40.735690,-73.994407"
V0702,2026-07-23 08:14:11,Speeding,"40.699105,-74.013030"
V0703,2026-08-11 13:07:54,Illegal Turn,"40.733354,-74.002292"
V0704,2026-07-28 15:42:37,Red Light Violation,"40.810293,-73.957816"
V0705,2026-08-11 16:56:21,Speeding,"40.753270,-73.987916"
V0706,2026-09-09 07:20:09,Speeding,"40.756833,-73.985965"
V0707,2026-07-28 15:00:21,Speeding,"40.813229,-73.955124"
V0708,2026-08-31 15:13:55,Speeding,"40.746794,-73.987392"
V0709,2026-07-22 09:49:55,Seatbelt Violation,"40.756400,-73.989729"
V0710,2026-08-31 12:51:58,Reckless Driving,"40.798044,-73.956756"
V0711,2026-08-11 13:24:30,Reckless Driving,"40.808446,-73.963652"
V0712,2026-07-22 12:27:05,Speeding,"40.804970,-73.970139"
V0713,2026-07-20 19:33:40,Illegal Turn,"40.800789,-73.960340"
V0714,2026-07-26 14:18:36,Speeding,"40.801648,-73.972856"
V0715,2026-08-16 17:22:16,Using Mobile Phone,"40.761841,-73.992182"
V0716,2026-08-25 10:37:46,Seatbelt Violation,"40.707545,-74.012093"
V0717,2026-08-27 21:16:55,Illegal Turn,"40.757422,-73.986413"
V0718,2026-08-21 13:44:25,DUI,"40.810279,-73.955592"
V0719,2026-08-24 16:44:43,Seatbelt Violation,"40.750471,-73.993522"
V0720,2026-07-20 16:27:53,Illegal Turn,"40.803708,-73.963196"
V0721,2026-07-12 07:57:09,Illegal Turn,"40.713628,-74.001359"
V0722,2026-07-23 10:53:53,Seatbelt Violation,"40.756412,-73.980252"
V0723,2026-08-06 18:47:37,Using Mobile Phone,"40.805732,-73.965048"
V0724,2026-07-12 12:20:35,Speeding,"40.754182,-73.986153"
V0725,2026-09-09 16:28:44,Seatbelt Violation,"40.747390,-73.985970"
V0726,2026-08-12 09:58:43,Reckless Driving,"40.818145,-73.964915"
V0727,2026-08-26 16:26:53,Illegal Turn,"40.761078,-73.977885"
V0728,2026-07-29 16:05:42,Seatbelt Violation,"40.726178,-73.996825"
V0729,2026-09-09 22:19:15,Red Light Violation,"40.812582,-73.969173"
V0730,2026-08-19 09:35:14,Seatbelt Violation,"40.758450,-73.980983"
V0731,2026-09-03 16:32:38,Illegal Turn,"40.757018,-73.982204"
V0732,2026-07-17 17:39:50,DUI,"40.748854,-73.989656"
V0733,2026-08-08 17:31:46,DUI,"40.753339,-73.982378"
V0734,2026-07-23 13:26:49,DUI,"40.746554,-73.988250"
V0735,2026-07-16 09:45:48,Seatbelt Violation,"40.749871,-73.981082"
V0736,2026-08-30 09:51:27,Seatbelt Violation,"40.706536,-74.001972"
V0737,2026-08-29 01:51:33,Speeding,"40.755682,-73.981372"
V0738,2026-08-05 17:42:59,Illegal Turn,"40.733438,-73.993636"
V0739,2026-07-29 12:56:43,Illegal Turn,"40.805063,-73.961490"
V0740,2026-08-05 13:13:56,Using Mobile Phone,"40.814608,-73.958544"
V0741,2026-07-23 18:05:02,Using Mobile Phone,"40.745043,-73.978905"
V0742,2026-08-14 09:05:32,Using Mobile Phone,"40.749153,-73.979457"
V0743,2026-07-26 18:19:46,Seatbelt Violation,"40.804579,-73.963911"
V0744,2026-08-21 20:28:19,Using Mobile Phone,"40.763325,-73.983152"
V0745,2026-08-18 09:19:18,Illegal Turn,"40.812678,-73.962376"
V0746,2026-07-31 14:12:52,DUI,"40.747941,-73.986784"
V0747,2026-07-16 07:56:08,Seatbelt Violation,"40.728768,-73.995953"
V0748,2026-08-13 17:55:16,Using Mobile Phone,"40.709509,-74.014652"
V0749,2026-08-11 16:08:45,Using Mobile Phone,"40.803339,-73.963502"
V0750,2026-09-09 15:58:07,Using Mobile Phone,"40.700798,-74.012582"
V0751,2026-07-18 11:23:19,Reckless Driving,"40.710310,-74.003408"
V0752,2026-07-29 09:52:47,Seatbelt Violation,"40.753026,-73.980045"
V0753,2026-08-16 10:28:57,Reckless Driving,"40.705341,-74.004991"
V0754,2026-08-12 16:48:28,Illegal Turn,"40.695036,-74.018188"
V0755,2026-08-19 12:14:57,Seatbelt Violation,"40.756788,-73.976363"
V0756,2026-08-25 04:40:50,DUI,"40.748998,-73.985070"
V0757,2026-08-19 14:48:03,Using Mobile Phone,"40.802417,-73.970022"
V0758,2026-09-05 15:05:51,Using Mobile Phone,"40.803753,-73.963706"
V0759,2026-08-01 12:26:01,DUI,"40.805391,-73.965925"
V0760,2026-07-27 17:09:19,Seatbelt Violation,"40.719970,-73.998422"
V0761,2026-07-20 12:20:16,Seatbelt Violation,"40.752945,-73.984410"
V0762,2026-08-12 17:24:07,Reckless Driving,"40.754513,-73.972221"
V0763,2026-07-12 09:37:43,Speeding,"40.735974,-74.003939"
V0764,2026-08-08 07:40:32,Red Light Violation,"40.734731,-74.003889"
V0765,2026-08-08 06:52:29,DUI,"40.807120,-73.957902"
V0766,2026-08-02 18:13:37,DUI,"40.805263,-73.962286"
V0767,2026-07-16 12:07:53,Red Light Violation,"40.802491,-73.968365"
V0768,2026-07-31 11:29:38,Reckless Driving,"40.767258,-73.991804"
V0769,2026-08-24 16:48:25,Using Mobile Phone,"40.765023,-73.976826"
V0770,2026-08-23 08:52:24,DUI,"40.806019,-73.955013"
V0771,2026-07-11 08:23:59,Red Light Violation,"40.713039,-74.006581"
V0772,2026-09-01 15:19:51,Illegal Turn,"40.724997,-73.998134"
V0773,2026-09-06 16:38:13,Speeding,"40.724882,-73.996497"
V0774,2026-07-23 16:36:43,Illegal Turn,"40.808098,-73.967394"
V0775,2026-07-25 18:46:50,Reckless Driving,"40.732575,-73.998412"
V0776,2026-08-21 06:20:27,DUI,"40.700040,-74.009249"
V0777,2026-08-28 06:46:14,Speeding,"40.756075,-73.988292"
V0778,2026-08-01 07:36:51,Speeding,"40.736617,-74.001367"
V0779,2026-07-21 10:04:40,Illegal Turn,"40.750871,-73.989620"
V0780,2026-08-01 18:52:21,Using Mobile Phone,"40.733848,-73.993946"
V0781,2026-07-16 21:58:02,Seatbelt Violation,"40.750072,-73.987904"
V0782,2026-08-06 09:38:50,Illegal Turn,"40.800686,-73.961051"
V0783,2026-09-09 16:01:29,Using Mobile Phone,"40.749244,-73.980696"
V0784,2026-09-06 15:40:32,Reckless Driving,"40.745939,-73.986328"
V0785,2026-08-31 06:08:19,Using Mobile Phone,"40.706423,-74.011731"
V0786,2026-08-14 17:09:30,Reckless Driving,"40.805365,-73.960978"
V0787,2026-08-12 17:35:54,Speeding,"40.707609,-74.013367"
V0788,2026-08-10 16:29:38,Illegal Turn,"40.755359,-73.987713"
V0789,2026-08-01 08:29:56,DUI,"40.757564,-73.981620"
V0790,2026-08-09 15:15:30,Illegal Turn,"40.752623,-73.990617"
V0791,2026-07-11 11:04:22,Speeding,"40.802847,-73.968927"
V0792,2026-08-28 11:01:12,Red Light Violation,"40.751243,-73.985131"
V0793,2026-07-12 08:16:58,Speeding,"40.761295,-73.973947"
V0794,2026-08-01 19:19:29,Red Light Violation,"40.756229,-73.982571"
V0795,2026-08-04 16:20:38,Seatbelt Violation,"40.734646,-73.998573"
V0796,2026-07-26 06:50:17,DUI,"40.733685,-74.003283"
V0797,2026-08-22 15:10:32,Seatbelt Violation,"40.805258,-73.972177"
V0798,2026-08-13 16:45:31,Seatbelt Violation,"40.750324,-73.978583"
V0799,2026-07-24 09:12:28,DUI,"40.728213,-73.988721"
V0800,2026-09-08 18:16:35,Speeding,"40.732562,-73.996290"
V0801,2026-07-13 13:39:21,Seatbelt Violation,"40.705629,-74.004976"
V0802,2026-08-04 04:28:14,Reckless Driving,"40.756683,-73.979468"
V0803,2026-08-21 07:17:59,Red Light Violation,"40.752886,-73.984907"
V0804,2026-08-23 10:19:47,DUI,"40.741699,-73.981641"
V0805,2026-07-27 01:19:18,DUI,"40.752473,-73.987624"
V0806,2026-08-21 02:41:32,DUI,"40.733558,-73.994075"
V0807,2026-07-25 14:50:35,DUI,"40.709644,-74.005155"
V0808,2026-07-23 12:44:26,Red Light Violation,"40.705128,-74.011344"
V0809,2026-07-19 10:47:00,Seatbelt Violation,"40.746035,-73.983029"
V0810,2026-08-29 16:19:20,Using Mobile Phone,"40.758599,-73.984460"
V0811,2026-08-04 08:25:04,Using Mobile Phone,"40.703101,-74.007713"
V0812,2026-09-06 10:10:06,Illegal Turn,"40.808411,-73.963833"
V0813,2026-07-29 16:04:29,Speeding,"40.748592,-73.980463"
V0814,2026-07-21 22:08:34,Seatbelt Violation,"40.709513,-74.004437"
V0815,2026-09-04 08:27:52,Illegal Turn,"40.699212,-74.010841"
V0816,2026-08-25 16:17:12,Speeding,"40.726846,-73.995306"
V0817,2026-08-01 19:56:31,Seatbelt Violation,"40.708586,-74.010051"
V0818,2026-08-25 17:25:39,DUI,"40.728612,-73.994722"
V0819,2026-08-04 19:11:44,Using Mobile Phone,"40.741188,-73.990717"
V0820,2026-07-29 16:04:44,Illegal Turn,"40.735455,-73.993944"
V0821,2026-08-03 07:06:32,DUI,"40.747477,-73.982900"
V0822,2026-08-01 17:54:12,Seatbelt Violation,"40.763317,-73.981360"
V0823,2026-07-15 07:42:15,Illegal Turn,"40.709632,-74.012594"
V0824,2026-08-05 08:42:48,Speeding,"40.743770,-73.983784"
V0825,2026-08-24 06:40:51,Using Mobile Phone,"40.756644,-73.975467"
V0826,2026-09-08 09:58:15,Red Light Violation,"40.759648,-73.976935"
V0827,2026-08-26 08:26:32,Speeding,"40.744325,-73.969416"
V0828,2026-08-05 20:07:14,Red Light Violation,"40.756511,-73.986728"
V0829,2026-08-04 09:14:04,Illegal Turn,"40.750438,-73.990449"
V0830,2026-07-30 17:31:06,Illegal Turn,"40.808294,-73.967745"
V0831,2026-08-20 16:43:59,DUI,"40.725549,-73.991671"
V0832,2026-09-03 16:04:21,Speeding,"40.813914,-73.962234"
V0833,2026-08-12 15:00:14,Speeding,"40.810036,-73.966556"
V0834,2026-07-26 15:03:08,Reckless Driving,"40.704044,-73.999764"
V0835,2026-09-09 13:56:21,Red Light Violation,"40.741053,-73.989598"
V0836,2026-08-28 04:54:46,Reckless Driving,"40.743601,-73.975288"
V0837,2026-07-26 17:44:46,Red Light Violation,"40.814181,-73.969932"
V0838,2026-07-15 18:04:12,Speeding,"40.723296,-73.993317"
V0839,2026-08-12 07:46:29,Reckless Driving,"40.732018,-74.000195"
V0840,2026-07-29 15:40:12,Reckless Driving,"40.705051,-74.009816"
V0841,2026-08-27 12:09:52,DUI,"40.699441,-73.999868"
V0842,2026-07-20 15:11:16,Seatbelt Violation,"40.703777,-74.007773"
V0843,2026-08-01 08:30:12,Red Light Violation,"40.732658,-73.997901"
V0844,2026-08-05 21:23:24,Seatbelt Violation,"40.751339,-73.986514"
V0845,2026-09-07 08:59:36,Red Light Violation,"40.738867,-74.000965"
V0846,2026-08-20 16:44:03,Illegal Turn,"40.713378,-74.003798"
V0847,2026-08-21 08:38:29,Illegal Turn,"40.724202,-73.981598"
V0848,2026-08-05 16:57:05,Using Mobile Phone,"40.733366,-73.998536"
V0849,2026-08-12 21:42:56,Seatbelt Violation,"40.804701,-73.972293"
V0850,2026-08-29 17:52:09,Reckless Driving,"40.735627,-73.995880"
V0851,2026-08-26 12:11:23,Red Light Violation,"40.726333,-73.989497"
V0852,2026-09-01 09:12:03,Illegal Turn,"40.732782,-74.002342"
V0853,2026-07-17 18:10:05,Reckless Driving,"40.756550,-73.988768"
V0854,2026-08-10 13:48:06,Speeding,"40.764727,-73.981491"
V0855,2026-08-13 22:48:17,Seatbelt Violation,"40.711670,-74.013207"
V0856,2026-08-01 23:52:15,Reckless Driving,"40.704994,-74.010644"
V0857,2026-07-17 00:55:44,Seatbelt Violation,"40.734869,-73.993630"
V0858,2026-08-08 15:42:55,Seatbelt Violation,"40.806582,-73.963857"
V0859,2026-08-31 17:43:28,Red Light Violation,"40.806991,-73.958731"
V0860,2026-09-09 19:59:30,Illegal Turn,"40.760846,-73.988553"
V0861,2026-08-13 18:50:54,Illegal Turn,"40.799500,-73.965349"
V0862,2026-07-18 13:34:15,Red Light Violation,"40.731417,-73.991036"
V0863,2026-08-04 17:14:46,Reckless Driving,"40.708355,-74.005000"
V0864,2026-07-25 19:49:59,Using Mobile Phone,"40.759982,-73.978435"
V0865,2026-08-04 16:50:35,DUI,"40.709508,-74.014008"
V0866,2026-09-03 10:24:36,Illegal Turn,"40.754041,-73.989848"
V0867,2026-08-07 10:23:51,Illegal Turn,"40.729925,-74.000441"
V0868,2026-08-14 18:20:09,DUI,"40.754183,-73.986652"
V0869,2026-07-20 17:54:51,DUI,"40.759227,-73.986587"
V0870,2026-08-11 10:24:03,DUI,"40.737882,-73.994623"
V0871,2026-09-08 18:11:54,Seatbelt Violation,"40.696785,-74.015553"
V0872,2026-08-07 16:22:48,Seatbelt Violation,"40.709917,-74.013905"
V0873,2026-08-30 15:51:03,DUI,"40.747964,-73.995925"
V0874,2026-07-29 19:13:13,DUI,"40.734068,-74.000449"
V0875,2026-09-08 06:22:30,Red Light Violation,"40.751226,-73.987947"
V0876,2026-07-20 15:25:15,Speeding,"40.753653,-73.983402"
V0877,2026-08-24 22:42:42,Speeding,"40.715051,-74.014360"
V0878,2026-08-03 02:07:05,Speeding,"40.719353,-74.014511"
V0879,2026-08-16 13:44:47,Speeding,"40.802197,-73.960410"
V0880,2026-08-16 08:20:04,Illegal Turn,"40.809163,-73.962804"
V0881,2026-08-17 14:52:50,Illegal Turn,"40.760744,-73.983959"
V0882,2026-09-04 15:11:00,Using Mobile Phone,"40.709039,-74.012811"
V0883,2026-07-21 07:16:54,DUI,"40.759805,-73.980588"
V0884,2026-08-14 13:36:31,Illegal Turn,"40.762307,-73.988447"
V0885,2026-07-24 16:42:52,Speeding,"40.733392,-74.003505"
V0886,2026-08-17 11:08:46,Using Mobile Phone,"40.701200,-74.019326"
V0887,2026-08-05 13:16:43,Seatbelt Violation,"40.729831,-73.994409"
V0888,2026-08-03 15:41:52,Using Mobile Phone,"40.800077,-73.965567"
V0889,2026-08-14 07:35:26,Speeding,"40.750287,-73.987665"
V0890,2026-09-04 17:17:00,Speeding,"40.699280,-74.000966"
V0891,2026-08-31 14:33:22,Illegal Turn,"40.814489,-73.953688"
V0892,2026-07-21 10:48:24,Red Light Violation,"40.756549,-73.980176"
V0893,2026-09-05 18:30:37,Red Light Violation,"40.745017,-73.989629"
V0894,2026-07-14 19:40:23,Illegal Turn,"40.732128,-73.997145"
V0895,2026-08-02 17:32:18,Reckless Driving,"40.706727,-74.004086"
V0896,2026-08-20 18:19:26,DUI,"40.756506,-73.990478"
V0897,2026-07-16 08:03:05,Illegal Turn,"40.749316,-73.987027"
V0898,2026-08-26 08:31:32,Illegal Turn,"40.810355,-73.951407"
V0899,2026-08-27 01:27:44,Using Mobile Phone,"40.739995,-73.978787"
V0900,2026-08-18 06:28:10,Illegal Turn,"40.811697,-73.963916"
V0901,2026-08-02 20:27:31,Seatbelt Violation,"40.728274,-73.991766"
V0902,2026-08-14 18:54:07,Reckless Driving,"40.748203,-73.997559"
V0903,2026-09-08 19:41:32,DUI,"40.750146,-73.987437"
V0904,2026-08-02 18:11:25,Reckless Driving,"40.751268,-73.992834"
V0905,2026-07-20 12:58:31,Speeding,"40.732582,-73.996902"
V0906,2026-08-03 12:11:34,DUI,"40.742422,-73.982227"
V0907,2026-08-02 17:00:22,DUI,"40.724830,-74.001927"
V0908,2026-08-01 19:10:42,Red Light Violation,"40.699700,-74.008919"
V0909,2026-07-19 10:48:49,Seatbelt Violation,"40.815010,-73.959384"
V0910,2026-07-17 17:08:09,Reckless Driving,"40.806003,-73.964636"
V0911,2026-08-07 09:09:46,Using Mobile Phone,"40.720288,-74.008580"
V0912,2026-07-23 13:50:51,Speeding,"40.808675,-73.954397"
V0913,2026-07-20 09:08:25,Speeding,"40.746752,-73.986847"
V0914,2026-08-20 21:14:21,Seatbelt Violation,"40.699533,-74.006390"
V0915,2026-09-06 06:02:00,Speeding,"40.743720,-73.987382"
V0916,2026-07-17 16:43:35,DUI,"40.723904,-74.001875"
V0917,2026-08-13 15:15:41,Reckless Driving,"40.730292,-74.005615"
V0918,2026-08-18 08:37:58,Illegal Turn,"40.724748,-73.995039"
V0919,2026-08-10 22:12:34,Illegal Turn,"40.730079,-73.990358"
V0920,2026-08-25 07:27:04,Seatbelt Violation,"40.710386,-74.005805"
V0921,2026-07-28 16:08:18,Speeding,"40.807409,-73.962475"
V0922,2026-08-08 17:24:35,DUI,"40.704933,-74.012026"
V0923,2026-07-24 15:00:56,DUI,"40.806192,-73.962291"
V0924,2026-07-25 10:17:35,Speeding,"40.724423,-74.001454"
V0925,2026-09-09 18:59:08,Reckless Driving,"40.759627,-73.979539"
V0926,2026-07-11 16:40:38,Reckless Driving,"40.749921,-73.987724"
V0927,2026-07-31 22:40:52,Speeding,"40.763501,-73.974828"
V0928,2026-07-17 16:44:24,Illegal Turn,"40.757079,-73.983317"
V0929,2026-07-25 10:13:37,Illegal Turn,"40.702255,-74.005726"
V0930,2026-09-06 13:31:11,Seatbelt Violation,"40.732786,-73.985952"
V0931,2026-07-22 16:01:19,Red Light Violation,"40.738211,-73.999626"
V0932,2026-08-07 09:58:41,Seatbelt Violation,"40.760230,-73.991074"
V0933,2026-07-18 18:48:53,Illegal Turn,"40.762117,-73.983500"
V0934,2026-09-03 16:12:08,Seatbelt Violation,"40.804329,-73.967414"
V0935,2026-07-28 15:07:01,DUI,"40.753156,-73.984895"
V0936,2026-07-20 00:14:01,Red Light Violation,"40.704580,-74.003750"
V0937,2026-08-25 17:07:31,Red Light Violation,"40.755974,-73.987730"
V0938,2026-09-08 19:57:02,Using Mobile Phone,"40.723619,-73.993835"
V0939,2026-07-20 18:43:19,Using Mobile Phone,"40.746949,-73.983738"
V0940,2026-07-11 18:09:49,Illegal Turn,"40.726970,-73.987647"
V0941,2026-08-10 17:07:36,Seatbelt Violation,"40.743898,-73.988200"
V0942,2026-08-10 16:26:38,DUI,"40.754263,-73.984782"
V0943,2026-08-11 14:52:14,Seatbelt Violation,"40.759201,-73.983321"
V0944,2026-08-27 09:05:15,Reckless Driving,"40.755756,-73.979979"
V0945,2026-09-03 18:52:08,Reckless Driving,"40.693272,-74.009880"
V0946,2026-08-07 11:44:06,Illegal Turn,"40.806245,-73.971021"
V0947,2026-09-01 12:48:11,Seatbelt Violation,"40.736560,-73.999422"
V0948,2026-08-01 13:41:44,Speeding,"40.751487,-73.989035"
V0949,2026-08-05 18:43:56,Seatbelt Violation,"40.809944,-73.961709"
V0950,2026-07-25 12:10:17,Speeding,"40.810978,-73.968867"
V0951,2026-09-01 17:35:38,DUI,"40.763108,-73.989975"
V0952,2026-09-01 11:03:51,Reckless Driving,"40.703163,-74.017926"
V0953,2026-09-03 11:15:18,Red Light Violation,"40.803217,-73.965955"
V0954,2026-09-08 05:17:05,Using Mobile Phone,"40.807354,-73.967647"
V0955,2026-08-02 17:25:32,Red Light Violation,"40.756275,-73.991527"
V0956,2026-08-27 14:32:51,DUI,"40.727993,-73.994802"
V0957,2026-08-20 07:45:14,Red Light Violation,"40.732249,-73.988278"
V0958,2026-08-26 15:33:59,DUI,"40.747881,-73.990465"
V0959,2026-09-09 12:57:45,DUI,"40.709408,-74.002036"
V0960,2026-08-09 10:59:18,Red Light Violation,"40.755038,-73.989793"
V0961,2026-08-29 13:30:16,DUI,"40.707600,-74.016279"
V0962,2026-07-13 11:18:25,Seatbelt Violation,"40.800133,-73.956409"
V0963,2026-08-23 12:28:16,Illegal Turn,"40.760905,-73.982762"
V0964,2026-09-01 15:09:54,Speeding,"40.745922,-73.981794"
V0965,2026-09-04 13:05:22,Seatbelt Violation,"40.718337,-74.009130"
V0966,2026-08-26 07:59:25,DUI,"40.702260,-74.009195"
V0967,2026-08-10 07:29:02,Using Mobile Phone,"40.723808,-73.999618"
V0968,2026-07-12 20:43:27,Reckless Driving,"40.749670,-73.991910"
V0969,2026-07-30 18:28:55,Seatbelt Violation,"40.813428,-73.956947"
V0970,2026-07-23 11:26:30,Seatbelt Violation,"40.809430,-73.959986"
V0971,2026-08-24 15:52:00,Using Mobile Phone,"40.798175,-73.961813"
V0972,2026-08-22 22:46:47,DUI,"40.755834,-73.993272"
V0973,2026-08-23 12:33:46,Speeding,"40.709290,-74.008102"
V0974,2026-08-27 21:26:44,Using Mobile Phone,"40.730605,-73.999578"
V0975,2026-08-23 15:00:23,DUI,"40.748535,-73.980830"
V0976,2026-08-09 12:22:22,DUI,"40.806937,-73.962060"
V0977,2026-08-07 11:54:42,Illegal Turn,"40.709961,-74.006467"
V0978,2026-08-20 13:37:51,Speeding,"40.752228,-73.980404"
V0979,2026-07-18 08:30:07,Reckless Driving,"40.701941,-74.002045"
V0980,2026-07-11 20:50:14,Using Mobile Phone,"40.742560,-73.985071"
V0981,2026-07-31 11:36:27,Red Light Violation,"40.814726,-73.956477"
V0982,2026-07-19 20:24:46,Red Light Violation,"40.713282,-74.009396"
V0983,2026-08-31 08:07:40,Using Mobile Phone,"40.713995,-74.013400"
V0984,2026-09-09 10:05:05,Speeding,"40.698307,-73.995227"
V0985,2026-08-16 12:47:46,Red Light Violation,"40.711286,-74.016538"
V0986,2026-07-25 10:34:53,Red Light Violation,"40.712907,-74.005777"
V0987,2026-08-17 18:07:29,Using Mobile Phone,"40.753303,-73.985577"
V0988,2026-09-02 09:06:31,DUI,"40.756559,-73.984135"
V0989,2026-08-06 11:20:40,Seatbelt Violation,"40.723130,-73.995555"
V0990,2026-08-01 22:30:39,Using Mobile Phone,"40.805103,-73.960639"
V0991,2026-08-13 14:09:13,DUI,"40.744180,-73.987596"
V0992,2026-08-26 16:08:17,Reckless Driving,"40.703259,-74.003672"
V0993,2026-08-09 17:31:27,Using Mobile Phone,"40.710931,-74.007900"
V0994,2026-07-24 20:31:27,Seatbelt Violation,"40.707234,-74.010542"
V0995,2026-08-04 12:36:22,Reckless Driving,"40.754074,-73.980239"
V0996,2026-08-06 10:52:56,Illegal Turn,"40.806194,-73.966654"
V0997,2026-08-30 08:15:04,Red Light Violation,"40.743419,-73.990454"
V0998,2026-07-11 16:13:29,Using Mobile Phone,"40.756202,-73.988165"
V0999,2026-08-13 09:35:17,Illegal Turn,"40.810950,-73.958653"
V1000,2026-08-07 10:20:12,Red Light Violation,"40.763179,-73.978234"
V1001,2026-07-18 13:38:20,Using Mobile Phone,"40.706753,-74.009177"
V1002,2026-08-05 05:34:58,Using Mobile Phone,"40.756482,-73.986542"
V1003,2026-07-31 17:25:05,Using Mobile Phone,"40.748344,-73.985859"
V1004,2026-09-07 08:23:39,Speeding,"40.769242,-73.988074"
V1005,2026-08-26 19:23:52,Using Mobile Phone,"40.748415,-73.990935"
V1006,2026-08-19 17:24:17,Illegal Turn,"40.738249,-74.001290"
V1007,2026-07-20 17:56:54,Seatbelt Violation,"40.709117,-74.013063"
V1008,2026-08-11 21:20:49,Illegal Turn,"40.702906,-74.010706"
V1009,2026-08-15 18:15:42,Illegal Turn,"40.731308,-73.996559"
V1010,2026-08-22 09:52:24,Red Light Violation,"40.701813,-74.007156"
V1011,2026-09-03 10:19:45,Seatbelt Violation,"40.732836,-73.998292"
V1012,2026-08-19 14:49:25,Red Light Violation,"40.755720,-73.998208"
V1013,2026-08-21 07:29:56,Speeding,"40.760537,-73.991775"
V1014,2026-07-20 12:27:32,Reckless Driving,"40.757202,-73.991763"
V1015,2026-09-08 12:18:12,Seatbelt Violation,"40.731215,-73.996597"
V1016,2026-08-23 06:15:07,Red Light Violation,"40.755853,-73.989924"
V1017,2026-08-19 16:25:25,Seatbelt Violation,"40.761257,-73.989043"
V1018,2026-08-20 10:38:18,Illegal Turn,"40.750994,-73.982214"
V1019,2026-07-30 18:44:15,Red Light Violation,"40.750268,-73.988343"
V1020,2026-07-11 16:27:21,Speeding,"40.717719,-74.002991"
V1021,2026-08-10 15:31:55,Red Light Violation,"40.712159,-74.012144"
V1022,2026-07-17 07:51:47,Reckless Driving,"40.705977,-74.007635"
V1023,2026-07-27 11:00:52,Reckless Driving,"40.756933,-73.996271"
V1024,2026-08-26 16:09:26,DUI,"40.731093,-73.996525"
V1025,2026-08-27 16:27:23,Red Light Violation,"40.768072,-73.979282"
V1026,2026-09-05 14:16:58,Illegal Turn,"40.753865,-73.987406"
V1027,2026-08-13 16:53:39,Speeding,"40.711946,-74.004957"
V1028,2026-07-18 21:31:59,Illegal Turn,"40.729160,-73.994476"
V1029,2026-07-29 07:18:00,Seatbelt Violation,"40.751687,-73.992054"
V1030,2026-09-02 00:16:08,Reckless Driving,"40.753313,-73.976746"
V1031,2026-07-16 16:09:46,Red Light Violation,"40.706895,-74.013378"
V1032,2026-08-02 09:43:40,Seatbelt Violation,"40.697070,-74.007793"
V1033,2026-08-07 16:20:51,Using Mobile Phone,"40.731464,-74.003511"
V1034,2026-07-30 10:19:36,Illegal Turn,"40.706730,-74.003074"
V1035,2026-07-19 14:44:20,Using Mobile Phone,"40.747926,-73.986856"
V1036,2026-07-12 19:01:49,Seatbelt Violation,"40.763703,-73.987738"
V1037,2026-08-12 11:39:34,Using Mobile Phone,"40.738675,-73.987046"
V1038,2026-08-13 13:03:05,Speeding,"40.756482,-73.987282"
V1039,2026-07-29 15:44:21,DUI,"40.750183,-73.985172"
V1040,2026-08-24 08:09:35,Illegal Turn,"40.707517,-74.004883"
V1041,2026-09-08 01:31:39,Illegal Turn,"40.730513,-74.000846"
V1042,2026-08-10 04:32:28,Seatbelt Violation,"40.763220,-73.985671"
V1043,2026-07-26 18:34:16,DUI,"40.818555,-73.960830"
V1044,2026-08-20 03:09:52,Illegal Turn,"40.718569,-73.995736"
V1045,2026-07-29 10:06:37,Seatbelt Violation,"40.750763,-73.983801"
V1046,2026-08-06 17:09:01,Reckless Driving,"40.700763,-74.008085"
V1047,2026-08-21 18:39:28,Speeding,"40.755861,-73.983054"
V1048,2026-07-21 11:54:55,Using Mobile Phone,"40.725086,-73.997501"
V1049,2026-08-21 08:41:46,Using Mobile Phone,"40.745941,-73.989424"
V1050,2026-08-18 16:36:45,Using Mobile Phone,"40.800667,-73.960782"
V1051,2026-08-17 15:25:04,Speeding,"40.761591,-73.978386"
V1052,2026-08-28 09:49:51,Illegal Turn,"40.732678,-74.001513"
V1053,2026-07-13 18:04:28,DUI,"40.754136,-73.980348"
V1054,2026-08-24 13:08:40,Using Mobile Phone,"40.804054,-73.963351"
V1055,2026-07-23 17:27:52,Using Mobile Phone,"40.733823,-74.000801"
V1056,2026-09-07 16:33:31,Red Light Violation,"40.730647,-73.999825"
V1057,2026-08-15 18:51:04,Seatbelt Violation,"40.714640,-74.008120"
V1058,2026-08-13 10:07:31,Red Light Violation,"40.759301,-73.980662"
V1059,2026-08-25 11:55:55,Red Light Violation,"40.739811,-73.985699"
V1060,2026-07-14 15:57:07,Using Mobile Phone,"40.707458,-74.009643"
V1061,2026-09-05 17:08:13,Using Mobile Phone,"40.752645,-73.983528"
V1062,2026-07-16 18:30:08,Reckless Driving,"40.751253,-73.989127"
V1063,2026-08-10 10:54:56,Red Light Violation,"40.761007,-73.984005"
V1064,2026-08-23 17:35:30,Speeding,"40.713583,-74.009852"
V1065,2026-07-19 07:07:57,Using Mobile Phone,"40.746465,-73.980993"
V1066,2026-07-16 15:14:26,Illegal Turn,"40.803592,-73.968618"
V1067,2026-08-21 18:18:08,Using Mobile Phone,"40.705892,-74.013641"
V1068,2026-08-14 08:45:47,DUI,"40.747705,-73.988244"
V1069,2026-09-04 16:33:57,Reckless Driving,"40.751816,-73.981038"
V1070,2026-07-28 07:58:08,DUI,"40.798544,-73.966553"
V1071,2026-09-01 17:02:15,Illegal Turn,"40.708454,-74.015403"
V1072,2026-07-13 09:37:24,Reckless Driving,"40.756985,-73.987311"
V1073,2026-07-25 08:11:42,Seatbelt Violation,"40.801973,-73.962054"
V1074,2026-07-12 19:48:57,Reckless Driving,"40.754906,-73.982352"
V1075,2026-09-02 15:55:27,DUI,"40.763903,-73.984982"
V1076,2026-08-26 15:33:16,Red Light Violation,"40.700174,-74.005495"
V1077,2026-08-16 12:39:17,Reckless Driving,"40.754677,-73.978911"
V1078,2026-07-18 10:42:20,DUI,"40.753761,-73.991893"
V1079,2026-08-20 18:13:26,Speeding,"40.812702,-73.961220"
V1080,2026-07-15 13:16:49,DUI,"40.744316,-73.988532"
V1081,2026-09-04 15:03:14,Speeding,"40.752510,-73.986250"
V1082,2026-08-15 16:03:45,Reckless Driving,"40.754922,-73.990803"
V1083,2026-07-17 07:28:07,Using Mobile Phone,"40.754654,-73.991723"
V1084,2026-08-06 07:27:56,Reckless Driving,"40.734951,-73.991124"
V1085,2026-07-12 08:02:18,Red Light Violation,"40.812901,-73.957701"
V1086,2026-08-17 16:13:24,DUI,"40.812318,-73.962530"
V1087,2026-08-15 17:34:46,Speeding,"40.814010,-73.959753"
V1088,2026-07-31 09:53:36,Reckless Driving,"40.722189,-73.993516"
V1089,2026-09-05 12:05:22,Using Mobile Phone,"40.801803,-73.962777"
V1090,2026-08-30 12:36:52,DUI,"40.734336,-73.992892"
V1091,2026-08-30 10:20:07,Speeding,"40.707875,-74.013216"
V1092,2026-08-15 16:30:47,Speeding,"40.721950,-73.996089"
V1093,2026-08-07 11:25:44,Using Mobile Phone,"40.731564,-73.994453"
V1094,2026-08-26 06:47:58,Reckless Driving,"40.715642,-74.005141"
V1095,2026-08-28 13:08:46,Red Light Violation,"40.808774,-73.960535"
V1096,2026-08-08 08:46:37,Reckless Driving,"40.753468,-73.993533"
V1097,2026-08-13 15:54:59,Seatbelt Violation,"40.746169,-73.988919"
V1098,2026-09-01 20:56:46,Red Light Violation,"40.706486,-74.007700"
V1099,2026-07-29 08:18:17,Seatbelt Violation,"40.703246,-74.003713"
V1100,2026-08-18 17:59:14,Illegal Turn,"40.744518,-73.973845"
V1101,2026-07-12 15:02:57,Using Mobile Phone,"40.809778,-73.961539"
V1102,2026-07-29 19:45:45,DUI,"40.757160,-73.990590"
V1103,2026-07-16 17:14:46,Speeding,"40.743970,-73.987209"
V1104,2026-08-23 17:45:44,Reckless Driving,"40.749550,-73.981802"
V1105,2026-09-02 15:53:56,Illegal Turn,"40.752731,-73.981407"
V1106,2026-07-23 09:09:31,DUI,"40.732293,-74.004893"
V1107,2026-07-24 16:02:26,Illegal Turn,"40.751036,-73.989194"
V1108,2026-08-13 16:11:56,Reckless Driving,"40.739189,-73.996727"
V1109,2026-08-18 11:30:18,Speeding,"40.732568,-73.990532"
V1110,2026-08-22 12:11:29,Reckless Driving,"40.755828,-73.982729"
V1111,2026-07-12 10:32:13,DUI,"40.703103,-74.010470"
V1112,2026-08-05 09:03:17,Seatbelt Violation,"40.721930,-73.999283"
V1113,2026-08-16 18:34:13,DUI,"40.754302,-73.982649"
V1114,2026-08-25 11:22:49,DUI,"40.802154,-73.965776"
V1115,2026-07-29 17:58:23,Reckless Driving,"40.696952,-74.014463"
V1116,2026-08-11 06:18:19,Speeding,"40.733118,-73.992185"
V1117,2026-08-05 08:47:56,Reckless Driving,"40.750669,-73.978972"
V1118,2026-07-12 02:53:34,Using Mobile Phone,"40.721076,-74.002042"
V1119,2026-09-03 10:20:27,Using Mobile Phone,"40.754864,-73.984452"
V1120,2026-08-07 07:26:35,Reckless Driving,"40.699876,-74.008708"
V1121,2026-08-11 16:23:48,Using Mobile Phone,"40.757030,-73.986368"
V1122,2026-07-17 16:21:09,DUI,"40.753822,-73.979366"
V1123,2026-07-26 07:25:39,DUI,"40.707352,-74.006425"
V1124,2026-08-11 09:19:47,Reckless Driving,"40.736087,-73.999015"
V1125,2026-08-15 17:34:31,Reckless Driving,"40.724251,-73.995624"
V1126,2026-08-26 07:06:27,Illegal Turn,"40.753614,-73.997009"
V1127,2026-07-21 08:55:07,Speeding,"40.705990,-74.008555"
V1128,2026-09-04 15:25:00,Reckless Driving,"40.757216,-73.984999"
V1129,2026-08-03 15:10:09,Reckless Driving,"40.815549,-73.956434"
V1130,2026-08-18 09:29:13,Reckless Driving,"40.719392,-73.996828"
V1131,2026-07-22 08:04:00,Reckless Driving,"40.726653,-73.996892"
V1132,2026-08-19 13:10:04,Reckless Driving,"40.812520,-73.964940"
V1133,2026-08-03 15:25:59,Reckless Driving,"40.808533,-73.959852"
V1134,2026-07-27 15:08:51,Using Mobile Phone,"40.809513,-73.958173"
V1135,2026-08-18 09:51:47,DUI,"40.810245,-73.959551"
V1136,2026-07-21 13:00:20,Speeding,"40.756789,-73.992557"
V1137,2026-07-26 15:24:49,Seatbelt Violation,"40.698391,-74.010503"
V1138,2026-08-18 18:10:40,DUI,"40.759722,-73.984683"
V1139,2026-08-30 09:07:35,Seatbelt Violation,"40.746106,-73.977589"
V1140,2026-09-07 20:24:23,Red Light Violation,"40.753917,-73.991824"
V1141,2026-08-01 07:23:58,Reckless Driving,"40.816696,-73.968119"
V1142,2026-08-10 12:44:45,Reckless Driving,"40.750625,-73.987521"
V1143,2026-08-28 15:06:02,Reckless Driving,"40.761379,-73.983357"
V1144,2026-09-03 08:26:53,DUI,"40.751204,-73.981130"
V1145,2026-08-25 08:37:46,Reckless Driving,"40.805341,-73.959971"
V1146,2026-07-28 07:28:02,Reckless Driving,"40.802274,-73.973680"
V1147,2026-09-02 20:19:17,Using Mobile Phone,"40.742256,-73.981314"
V1148,2026-07-16 08:37:40,Speeding,"40.732665,-73.997671"
V1149,2026-08-26 20:19:53,Illegal Turn,"40.737603,-73.999119"
V1150,2026-07-29 08:08:36,Reckless Driving,"40.703204,-74.004802"
V1151,2026-07-29 09:28:16,Speeding,"40.704148,-74.003902"
V1152,2026-09-02 16:53:10,Speeding,"40.805378,-73.970934"
V1153,2026-08-02 16:43:50,Reckless Driving,"40.731223,-74.000572"
V1154,2026-07-24 09:29:16,Speeding,"40.758396,-73.985899"
V1155,2026-07-31 11:24:42,Using Mobile Phone,"40.756298,-73.997730"
V1156,2026-07-21 12:21:21,Illegal Turn,"40.753820,-73.991883"
V1157,2026-08-28 03:51:39,Seatbelt Violation,"40.808653,-73.967805"
V1158,2026-07-27 16:38:21,Seatbelt Violation,"40.713074,-74.011800"
V1159,2026-08-16 12:01:10,Using Mobile Phone,"40.731983,-73.990659"
V1160,2026-08-29 08:22:29,Seatbelt Violation,"40.728510,-73.999604"
V1161,2026-07-30 07:15:54,Red Light Violation,"40.701445,-73.998534"
V1162,2026-08-03 00:10:22,Speeding,"40.706805,-74.013473"
V1163,2026-08-04 18:45:15,DUI,"40.756585,-73.979279"
V1164,2026-07-31 19:52:43,Illegal Turn,"40.707885,-74.012779"
V1165,2026-08-17 04:56:38,Red Light Violation,"40.727800,-73.989380"
V1166,2026-08-28 12:04:41,Red Light Violation,"40.729500,-73.998373"
V1167,2026-08-04 16:27:09,Reckless Driving,"40.742968,-73.986503"
V1168,2026-08-23 14:06:29,DUI,"40.753068,-73.983255"
V1169,2026-08-31 02:20:08,Using Mobile Phone,"40.805675,-73.965566"
V1170,2026-08-05 12:03:19,Seatbelt Violation,"40.750749,-73.985619"
V1171,2026-08-25 11:34:23,Speeding,"40.726427,-74.001024"
V1172,2026-09-08 16:16:12,Using Mobile Phone,"40.811083,-73.967991"
V1173,2026-07-18 18:29:23,Speeding,"40.809638,-73.964581"
V1174,2026-09-01 04:17:11,Reckless Driving,"40.747114,-73.987499"
V1175,2026-07-18 11:02:34,Illegal Turn,"40.703746,-74.006796"
V1176,2026-07-28 11:29:44,Using Mobile Phone,"40.730118,-73.998047"
V1177,2026-08-18 21:40:51,Speeding,"40.706495,-74.012631"
V1178,2026-07-30 12:01:11,Illegal Turn,"40.755787,-73.983549"
V1179,2026-08-30 09:51:03,Reckless Driving,"40.806529,-73.964737"
V1180,2026-08-29 08:32:42,Speeding,"40.806438,-73.974126"
V1181,2026-08-22 08:17:29,Using Mobile Phone,"40.743942,-73.983398"
V1182,2026-08-19 10:45:38,DUI,"40.708165,-74.011204"
V1183,2026-09-08 15:21:21,Reckless Driving,"40.751663,-73.979633"
V1184,2026-08-14 16:43:24,Reckless Driving,"40.706903,-74.010384"
V1185,2026-07-31 13:29:01,Red Light Violation,"40.809439,-73.961648"
V1186,2026-08-28 04:18:35,Illegal Turn,"40.712824,-74.008281"
V1187,2026-09-09 18:06:25,Red Light Violation,"40.726222,-73.987535"
V1188,2026-08-05 15:22:48,Red Light Violation,"40.710863,-74.002524"
V1189,2026-08-22 18:40:48,Illegal Turn,"40.748442,-73.989656"
V1190,2026-08-28 13:52:59,Seatbelt Violation,"40.733922,-74.000384"
V1191,2026-08-01 17:41:11,Illegal Turn,"40.755116,-73.978602"
V1192,2026-08-20 05:14:08,Using Mobile Phone,"40.807531,-73.961576"
V1193,2026-07-12 10:15:10,Using Mobile Phone,"40.710172,-74.008680"
V1194,2026-09-07 08:23:46,DUI,"40.734837,-74.001164"
V1195,2026-07-26 16:28:15,DUI,"40.737615,-74.004923"
V1196,2026-08-01 18:58:10,Red Light Violation,"40.708148,-74.002094"
V1197,2026-08-06 18:30:55,Seatbelt Violation,"40.765107,-73.980790"
V1198,2026-08-14 16:28:30,DUI,"40.755048,-73.973544"
V1199,2026-08-03 12:59:32,Illegal Turn,"40.705401,-74.012917"
V1200,2026-09-01 15:50:07,Illegal Turn,"40.726165,-74.000557"
V1201,2026-08-10 09:06:21,Illegal Turn,"40.756769,-73.976588"
V1202,2026-08-01 10:28:21,DUI,"40.710065,-74.005406"
V1203,2026-07-20 14:01:14,Reckless Driving,"40.805839,-73.960411"
V1204,2026-08-08 16:09:47,DUI,"40.725216,-73.999234"
V1205,2026-07-12 18:37:19,Red Light Violation,"40.800918,-73.962032"
V1206,2026-08-13 12:39:57,Red Light Violation,"40.751389,-73.985680"
V1207,2026-08-04 18:31:41,Red Light Violation,"40.807202,-73.965711"
V1208,2026-07-15 11:19:13,Red Light Violation,"40.720934,-73.989411"
V1209,2026-08-02 14:36:58,Illegal Turn,"40.763103,-73.988422"
V1210,2026-08-22 05:40:06,Reckless Driving,"40.799190,-73.961448"
V1211,2026-09-04 07:51:03,Seatbelt Violation,"40.807761,-73.959480"
V1212,2026-09-08 16:15:14,Illegal Turn,"40.703319,-74.000980"
V1213,2026-09-07 07:57:08,Using Mobile Phone,"40.743523,-73.983945"
V1214,2026-08-09 07:56:50,Speeding,"40.751084,-73.986034"
V1215,2026-08-10 08:34:37,Red Light Violation,"40.807246,-73.957552"
V1216,2026-07-18 16:28:49,Illegal Turn,"40.731590,-74.000092"
V1217,2026-07-28 14:11:21,Using Mobile Phone,"40.708608,-74.021748"
V1218,2026-07-26 11:43:35,Using Mobile Phone,"40.749616,-73.983009"
V1219,2026-07-11 10:32:30,Seatbelt Violation,"40.717999,-73.994861"
V1220,2026-09-04 13:40:43,Using Mobile Phone,"40.726551,-73.999821"
V1221,2026-07-30 10:33:30,Speeding,"40.753044,-73.983520"
V1222,2026-07-23 17:50:10,DUI,"40.730621,-73.990268"
V1223,2026-08-29 16:14:59,Reckless Driving,"40.704502,-73.997412"
V1224,2026-07-31 13:27:36,Seatbelt Violation,"40.699648,-74.007346"
V1225,2026-08-09 17:01:52,Illegal Turn,"40.720678,-73.999309"
V1226,2026-07-31 12:24:20,Using Mobile Phone,"40.817623,-73.960799"
V1227,2026-07-28 07:15:10,Reckless Driving,"40.715403,-74.004845"
V1228,2026-09-07 16:15:17,Using Mobile Phone,"40.806307,-73.960946"
V1229,2026-08-03 12:18:07,Seatbelt Violation,"40.731309,-73.995556"
V1230,2026-07-31 15:48:42,Reckless Driving,"40.807876,-73.959957"
V1231,2026-09-03 11:49:28,Illegal Turn,"40.724404,-73.997004"
V1232,2026-08-23 21:16:16,Using Mobile Phone,"40.749375,-73.988714"
V1233,2026-08-31 06:33:03,Using Mobile Phone,"40.741026,-73.993795"
V1234,2026-08-31 10:34:31,Reckless Driving,"40.805971,-73.962037"
V1235,2026-07-21 17:54:54,Speeding,"40.816793,-73.958574"
V1236,2026-07-28 13:56:56,Illegal Turn,"40.730892,-73.994579"
V1237,2026-08-13 17:47:52,Seatbelt Violation,"40.756803,-73.983761"
V1238,2026-07-11 09:27:09,Reckless Driving,"40.732617,-73.995699"
V1239,2026-07-23 17:36:59,Reckless Driving,"40.804420,-73.955018"
V1240,2026-07-31 18:59:14,Illegal Turn,"40.726442,-73.997158"
V1241,2026-08-29 11:52:07,Speeding,"40.729636,-73.996331"
V1242,2026-07-24 08:31:47,Using Mobile Phone,"40.751535,-73.981683"
V1243,2026-07-27 14:29:01,Speeding,"40.710440,-74.004048"
V1244,2026-09-09 10:04:27,DUI,"40.740630,-73.978903"
V1245,2026-09-05 13:17:46,Illegal Turn,"40.748586,-73.985969"
V1246,2026-08-18 17:55:47,Illegal Turn,"40.746519,-73.989250"
V1247,2026-09-08 14:09:47,DUI,"40.714077,-74.000756"
V1248,2026-08-03 19:16:39,Reckless Driving,"40.761635,-73.991744"
V1249,2026-08-18 16:10:10,Speeding,"40.756330,-73.986236"
V1250,2026-08-10 13:26:54,Using Mobile Phone,"40.698196,-74.007095"
V1251,2026-08-10 19:16:08,Reckless Driving,"40.804516,-73.959047"
V1252,2026-08-27 18:36:12,Red Light Violation,"40.730150,-74.005496"
V1253,2026-08-27 07:25:18,Using Mobile Phone,"40.755136,-73.982677"
V1254,2026-08-25 21:42:37,Using Mobile Phone,"40.813186,-73.960033"
V1255,2026-08-07 11:09:37,Illegal Turn,"40.768621,-73.980003"
V1256,2026-07-22 02:40:02,DUI,"40.725219,-73.995302"
V1257,2026-08-02 08:55:52,Using Mobile Phone,"40.705577,-74.006509"
V1258,2026-07-18 17:41:49,Using Mobile Phone,"40.735411,-73.996575"
V1259,2026-08-11 17:29:42,Speeding,"40.751464,-73.981483"
V1260,2026-07-12 20:08:06,Red Light Violation,"40.709318,-74.006712"
V1261,2026-08-02 10:27:35,Speeding,"40.814263,-73.972221"
V1262,2026-08-29 02:46:47,Reckless Driving,"40.808521,-73.956100"
V1263,2026-08-31 14:34:14,Illegal Turn,"40.804102,-73.958362"
V1264,2026-09-03 15:53:59,DUI,"40.737304,-73.997317"
V1265,2026-07-14 20:25:18,Seatbelt Violation,"40.807182,-73.967401"
V1266,2026-07-30 09:46:39,Using Mobile Phone,"40.751588,-73.973741"
V1267,2026-09-09 21:25:50,Red Light Violation,"40.704941,-74.003309"
V1268,2026-09-06 12:46:47,Using Mobile Phone,"40.726558,-73.999364"
V1269,2026-08-20 07:19:33,Speeding,"40.806770,-73.964572"
V1270,2026-08-27 15:09:04,DUI,"40.742778,-73.986464"
V1271,2026-08-25 16:50:31,DUI,"40.745767,-73.984367"
V1272,2026-09-04 18:31:53,Illegal Turn,"40.704244,-74.004448"
V1273,2026-08-26 17:57:16,Illegal Turn,"40.803091,-73.965917"
V1274,2026-07-11 07:51:31,Red Light Violation,"40.807395,-73.961014"
V1275,2026-08-29 18:31:35,Using Mobile Phone,"40.805286,-73.956692"
V1276,2026-08-18 07:53:50,Illegal Turn,"40.758735,-73.981957"
V1277,2026-08-23 16:38:26,DUI,"40.708050,-74.006546"
V1278,2026-08-09 15:33:02,Seatbelt Violation,"40.707588,-74.008212"
V1279,2026-09-09 10:18:58,Seatbelt Violation,"40.771049,-73.997140"
V1280,2026-08-02 11:15:17,Seatbelt Violation,"40.752997,-73.980503"
V1281,2026-07-21 09:49:55,Using Mobile Phone,"40.756770,-73.982789"
V1282,2026-08-11 18:21:22,Using Mobile Phone,"40.820063,-73.960859"
V1283,2026-08-11 16:48:24,Red Light Violation,"40.754334,-73.988187"
V1284,2026-08-03 17:10:20,Speeding,"40.754141,-73.985353"
V1285,2026-07-29 17:34:11,Seatbelt Violation,"40.809594,-73.971336"
V1286,2026-09-05 16:54:16,Red Light Violation,"40.748867,-73.980993"
V1287,2026-08-16 21:20:14,Seatbelt Violation,"40.755421,-73.993251"
V1288,2026-07-25 09:14:28,Illegal Turn,"40.725174,-73.996756"
V1289,2026-08-15 15:36:12,Seatbelt Violation,"40.736620,-73.986701"
V1290,2026-08-04 17:45:50,Reckless Driving,"40.747473,-73.980931"
V1291,2026-08-14 11:44:08,Reckless Driving,"40.735521,-73.996161"
V1292,2026-09-01 15:46:22,Illegal Turn,"40.811049,-73.974720"
V1293,2026-08-09 15:31:37,Seatbelt Violation,"40.759166,-73.991317"
V1294,2026-09-04 16:04:43,Reckless Driving,"40.763388,-73.988018"
V1295,2026-07-19 22:13:42,Seatbelt Violation,"40.749412,-73.989079"
V1296,2026-09-05 14:26:09,DUI,"40.810828,-73.963482"
V1297,2026-07-23 09:38:49,DUI,"40.727907,-73.999266"
V1298,2026-08-23 12:26:24,Illegal Turn,"40.701378,-74.014176"
V1299,2026-08-25 12:16:31,Speeding,"40.726930,-74.000118"
V1300,2026-07-16 11:48:06,Using Mobile Phone,"40.747091,-73.977255"
V1301,2026-07-11 10:19:01,DUI,"40.811365,-73.961333"
V1302,2026-07-24 21:06:55,Illegal Turn,"40.731508,-73.992541"
V1303,2026-07-20 17:28:01,Using Mobile Phone,"40.760863,-73.996114"
V1304,2026-08-17 14:57:06,Seatbelt Violation,"40.737633,-73.998227"
V1305,2026-07-18 16:04:21,Red Light Violation,"40.748015,-73.977737"
V1306,2026-09-02 19:45:48,DUI,"40.800333,-73.960536"
V1307,2026-08-13 15:44:34,Using Mobile Phone,"40.712277,-74.010957"
V1308,2026-08-28 08:40:27,Seatbelt Violation,"40.704031,-74.008911"
V1309,2026-08-10 15:19:31,DUI,"40.756116,-73.985453"
V1310,2026-09-09 07:57:37,Illegal Turn,"40.808522,-73.958193"
V1311,2026-07-14 21:24:12,Reckless Driving,"40.807750,-73.966283"
V1312,2026-09-07 09:29:11,Red Light Violation,"40.743801,-73.992696"
V1313,2026-07-11 06:24:13,Illegal Turn,"40.746051,-73.992280"
V1314,2026-07-13 08:38:15,Using Mobile Phone,"40.754076,-73.981259"
V1315,2026-08-20 10:56:41,Illegal Turn,"40.747613,-73.981244"
V1316,2026-09-02 19:52:49,Seatbelt Violation,"40.750700,-73.988649"
V1317,2026-08-08 08:44:14,Speeding,"40.757880,-73.992046"
V1318,2026-09-08 16:18:34,Reckless Driving,"40.752529,-73.982000"
V1319,2026-09-05 18:05:35,DUI,"40.700773,-74.016442"
V1320,2026-07-18 09:53:24,Red Light Violation,"40.769633,-73.991258"
V1321,2026-08-08 17:28:38,DUI,"40.760815,-73.983483"
V1322,2026-07-11 20:21:55,Reckless Driving,"40.727892,-73.994469"
V1323,2026-07-20 20:32:04,Red Light Violation,"40.731143,-73.999758"
V1324,2026-08-18 14:35:10,Red Light Violation,"40.810186,-73.961829"
V1325,2026-07-21 16:20:23,Speeding,"40.723316,-73.992484"
V1326,2026-08-28 15:36:34,Speeding,"40.772317,-73.990360"
V1327,2026-08-08 19:15:43,Seatbelt Violation,"40.809751,-73.956336"
V1328,2026-09-05 11:09:18,Illegal Turn,"40.735995,-73.998980"
V1329,2026-08-27 03:51:19,Red Light Violation,"40.756812,-73.985040"
V1330,2026-08-05 08:40:22,Red Light Violation,"40.704938,-74.005199"
V1331,2026-08-04 13:21:20,Illegal Turn,"40.699405,-74.016380"
V1332,2026-08-16 08:55:46,Illegal Turn,"40.805317,-73.964149"
V1333,2026-08-05 08:06:34,Illegal Turn,"40.695851,-74.002543"
V1334,2026-07-14 08:21:35,Red Light Violation,"40.712699,-74.014620"
V1335,2026-07-22 09:47:43,Using Mobile Phone,"40.732351,-73.993462"
V1336,2026-07-31 13:55:47,Red Light Violation,"40.709740,-73.998842"
V1337,2026-08-30 07:01:00,DUI,"40.756412,-73.979746"
V1338,2026-08-27 08:13:19,DUI,"40.745046,-73.981332"
V1339,2026-08-10 11:11:18,Reckless Driving,"40.761087,-73.981599"
V1340,2026-07-18 14:39:26,Red Light Violation,"40.808346,-73.960953"
V1341,2026-08-08 07:02:08,Seatbelt Violation,"40.704853,-74.007910"
V1342,2026-09-06 03:31:42,Using Mobile Phone,"40.743926,-73.986773"
V1343,2026-09-08 17:42:12,Illegal Turn,"40.739804,-73.981891"
V1344,2026-08-31 14:39:57,Using Mobile Phone,"40.712744,-74.013159"
V1345,2026-08-13 19:01:31,Reckless Driving,"40.724452,-73.999510"
V1346,2026-08-07 11:17:47,DUI,"40.708150,-74.007894"
V1347,2026-07-23 19:24:24,Speeding,"40.750942,-73.981589"
V1348,2026-08-01 08:22:46,Reckless Driving,"40.803833,-73.969097"
V1349,2026-08-22 07:42:58,Reckless Driving,"40.804821,-73.971317"
V1350,2026-07-26 17:55:04,Speeding,"40.761079,-73.989829"
V1351,2026-08-19 08:45:08,Red Light Violation,"40.748427,-73.991678"
V1352,2026-08-23 09:03:45,Speeding,"40.702827,-74.009056"
V1353,2026-08-11 15:11:30,Reckless Driving,"40.804034,-73.969269"
V1354,2026-07-23 16:44:48,Speeding,"40.725544,-73.993653"
V1355,2026-08-18 12:40:18,Red Light Violation,"40.702840,-73.998214"
V1356,2026-07-29 17:04:03,Speeding,"40.701097,-74.003161"
V1357,2026-07-16 16:57:45,Seatbelt Violation,"40.751186,-73.983325"
V1358,2026-07-31 13:47:51,Seatbelt Violation,"40.748389,-73.992136"
V1359,2026-07-13 16:26:29,Seatbelt Violation,"40.755953,-73.979451"
V1360,2026-07-20 17:24:26,Speeding,"40.733498,-73.992766"
V1361,2026-08-03 02:50:52,Illegal Turn,"40.729174,-74.001657"
V1362,2026-07-21 10:54:35,Reckless Driving,"40.722736,-73.996513"
V1363,2026-09-03 08:42:03,Reckless Driving,"40.752510,-73.985781"
V1364,2026-07-26 14:31:51,Red Light Violation,"40.704213,-74.007095"
V1365,2026-07-30 16:27:39,Speeding,"40.803074,-73.952605"
V1366,2026-09-04 08:36:30,Speeding,"40.757221,-73.989199"
V1367,2026-07-25 19:57:20,Illegal Turn,"40.711628,-74.007810"
V1368,2026-07-23 19:20:50,Illegal Turn,"40.808544,-73.957239"
V1369,2026-08-10 18:20:32,Speeding,"40.711802,-74.015855"
V1370,2026-08-18 19:46:17,Speeding,"40.704926,-74.000763"
V1371,2026-08-03 18:03:30,Red Light Violation,"40.731197,-73.991115"
V1372,2026-07-20 17:20:31,Reckless Driving,"40.811609,-73.959317"
V1373,2026-09-08 15:07:18,Illegal Turn,"40.760509,-73.981928"
V1374,2026-08-30 11:44:52,DUI,"40.755825,-73.983365"
V1375,2026-08-03 13:58:09,Seatbelt Violation,"40.707267,-74.006315"
V1376,2026-07-28 13:12:45,Using Mobile Phone,"40.701635,-74.014501"
V1377,2026-08-10 11:20:53,Illegal Turn,"40.707259,-74.006724"
V1378,2026-07-31 15:48:02,Illegal Turn,"40.742201,-73.993792"
V1379,2026-08-26 16:08:31,Speeding,"40.747909,-73.990973"
V1380,2026-08-02 11:26:21,DUI,"40.757858,-73.984909"
V1381,2026-08-05 16:35:52,Speeding,"40.729001,-73.991726"
V1382,2026-07-26 06:43:35,Speeding,"40.762049,-73.985691"
V1383,2026-08-28 09:09:55,Red Light Violation,"40.804972,-73.960693"
V1384,2026-08-12 17:31:01,Illegal Turn,"40.706547,-74.007828"
V1385,2026-08-17 14:22:44,Speeding,"40.814169,-73.957918"
V1386,2026-07-20 14:58:40,Illegal Turn,"40.803275,-73.962489"
V1387,2026-07-23 17:16:21,Red Light Violation,"40.754020,-73.983346"
V1388,2026-08-08 15:41:42,Using Mobile Phone,"40.703244,-74.009881"
V1389,2026-09-08 18:12:48,Using Mobile Phone,"40.757166,-73.986961"
V1390,2026-08-20 09:56:56,DUI,"40.752295,-73.979432"
V1391,2026-07-31 13:25:38,DUI,"40.736444,-73.992452"
V1392,2026-08-22 18:15:04,Using Mobile Phone,"40.765163,-73.988226"
V1393,2026-08-16 20:06:03,Reckless Driving,"40.732808,-74.001949"
V1394,2026-07-30 17:57:07,Reckless Driving,"40.736085,-73.996704"
V1395,2026-07-16 16:29:55,Using Mobile Phone,"40.808079,-73.960503"
V1396,2026-08-05 16:01:02,Seatbelt Violation,"40.710924,-74.005585"
V1397,2026-07-29 16:12:51,Reckless Driving,"40.749378,-73.994453"
V1398,2026-09-03 12:44:31,DUI,"40.736682,-73.998509"
V1399,2026-08-03 13:30:34,Red Light Violation,"40.750564,-73.985188"
V1400,2026-08-27 16:26:11,Using Mobile Phone,"40.708790,-73.995406"
V1401,2026-08-23 14:23:27,Speeding,"40.805045,-73.963516"
V1402,2026-08-23 08:02:21,Using Mobile Phone,"40.731343,-73.993112"
V1403,2026-08-31 15:52:50,Red Light Violation,"40.699925,-74.015477"
V1404,2026-07-13 14:36:00,Reckless Driving,"40.809191,-73.970674"
V1405,2026-08-01 14:20:46,DUI,"40.749087,-73.983484"
V1406,2026-08-16 11:26:44,DUI,"40.751395,-73.995149"
V1407,2026-08-28 08:00:57,DUI,"40.812597,-73.969395"
V1408,2026-07-30 17:34:40,Speeding,"40.725508,-73.993950"
V1409,2026-07-27 13:07:27,Reckless Driving,"40.703948,-74.013220"
V1410,2026-09-07 13:39:37,Speeding,"40.714283,-74.010512"
V1411,2026-08-10 18:24:48,Using Mobile Phone,"40.756394,-73.983067"
V1412,2026-07-27 14:05:15,Illegal Turn,"40.756451,-73.991287"
V1413,2026-08-29 16:28:13,Using Mobile Phone,"40.708568,-74.016996"
V1414,2026-07-15 14:29:17,Illegal Turn,"40.794714,-73.961214"
V1415,2026-08-17 07:33:31,Red Light Violation,"40.703983,-74.011491"
V1416,2026-07-18 16:53:04,Red Light Violation,"40.705981,-73.996558"
V1417,2026-09-06 08:24:02,Reckless Driving,"40.730915,-73.986926"
V1418,2026-09-09 19:06:10,Red Light Violation,"40.730458,-74.000298"
V1419,2026-07-12 16:57:44,Reckless Driving,"40.801084,-73.966884"
V1420,2026-08-07 07:05:16,Illegal Turn,"40.747958,-73.990063"
V1421,2026-07-23 13:34:23,Using Mobile Phone,"40.741887,-73.982492"
V1422,2026-07-18 15:14:12,Red Light Violation,"40.737861,-73.982915"
V1423,2026-08-22 09:33:00,Reckless Driving,"40.727453,-73.996714"
V1424,2026-08-22 13:30:13,Speeding,"40.726876,-73.994689"
V1425,2026-07-20 16:54:32,Red Light Violation,"40.739113,-73.983643"
V1426,2026-08-20 11:14:52,Reckless Driving,"40.699452,-74.002735"
V1427,2026-08-18 18:14:47,Red Light Violation,"40.710803,-73.999379"
V1428,2026-08-28 16:15:38,Using Mobile Phone,"40.748373,-73.984231"
V1429,2026-08-15 07:57:49,Red Light Violation,"40.756155,-73.987076"
V1430,2026-09-07 11:53:34,Using Mobile Phone,"40.747896,-73.983953"
V1431,2026-08-23 15:42:50,Using Mobile Phone,"40.729211,-73.996635"
V1432,2026-08-13 15:04:16,Illegal Turn,"40.749449,-73.980283"
V1433,2026-07-26 15:22:19,Red Light Violation,"40.748658,-73.989215"
V1434,2026-08-22 08:39:56,DUI,"40.737818,-74.004969"
V1435,2026-08-25 14:20:13,DUI,"40.706948,-74.007303"
V1436,2026-08-30 16:21:11,Illegal Turn,"40.704338,-74.009333"
V1437,2026-07-27 15:16:07,Seatbelt Violation,"40.814230,-73.967020"
V1438,2026-07-23 09:27:40,Seatbelt Violation,"40.801527,-73.964463"
V1439,2026-07-18 11:51:03,Speeding,"40.753770,-73.994691"
V1440,2026-09-08 17:27:13,Speeding,"40.805062,-73.968650"
V1441,2026-08-28 09:35:22,DUI,"40.722806,-73.998515"
V1442,2026-08-31 21:24:13,Using Mobile Phone,"40.809084,-73.966872"
V1443,2026-08-06 09:29:39,Red Light Violation,"40.734472,-74.000496"
V1444,2026-09-03 12:13:14,Speeding,"40.756589,-73.993242"
V1445,2026-08-07 17:33:21,Reckless Driving,"40.757978,-73.978126"
V1446,2026-08-03 08:04:38,DUI,"40.701327,-74.012541"
V1447,2026-07-28 09:18:57,Red Light Violation,"40.707725,-74.016059"
V1448,2026-08-08 16:01:24,Using Mobile Phone,"40.747170,-73.986685"
V1449,2026-08-07 07:16:22,Red Light Violation,"40.748179,-73.977155"
V1450,2026-08-18 14:12:54,Speeding,"40.701245,-74.002024"
V1451,2026-07-29 08:27:17,DUI,"40.726124,-73.996271"
V1452,2026-07-16 15:36:41,DUI,"40.726071,-73.997291"
V1453,2026-07-12 17:12:38,Illegal Turn,"40.761314,-73.991499"
V1454,2026-08-28 11:11:09,Using Mobile Phone,"40.729616,-73.996459"
V1455,2026-07-19 08:30:09,DUI,"40.723839,-74.001754"
V1456,2026-08-09 09:11:45,Speeding,"40.722143,-74.000881"
V1457,2026-08-13 17:43:48,Seatbelt Violation,"40.808097,-73.956930"
V1458,2026-09-09 14:50:38,Using Mobile Phone,"40.710629,-74.010394"
V1459,2026-08-11 08:02:13,Speeding,"40.806062,-73.970564"
V1460,2026-08-28 02:27:49,Illegal Turn,"40.728452,-73.993920"
V1461,2026-08-30 10:15:09,Speeding,"40.734135,-73.999510"
V1462,2026-08-03 18:29:08,Seatbelt Violation,"40.755444,-73.984164"
V1463,2026-08-03 06:29:58,Seatbelt Violation,"40.700975,-74.002658"
V1464,2026-07-13 19:55:54,Seatbelt Violation,"40.756431,-73.983021"
V1465,2026-07-12 14:40:33,Reckless Driving,"40.757335,-73.984017"
V1466,2026-07-31 09:03:51,Using Mobile Phone,"40.801746,-73.963053"
V1467,2026-07-13 16:35:46,Illegal Turn,"40.802401,-73.957158"
V1468,2026-07-20 08:58:12,Speeding,"40.805855,-73.968237"
V1469,2026-07-19 08:36:12,Seatbelt Violation,"40.728048,-73.993347"
V1470,2026-09-07 21:59:43,Seatbelt Violation,"40.751333,-73.976560"
V1471,2026-08-03 18:16:36,Using Mobile Phone,"40.803163,-73.961910"
V1472,2026-09-02 16:33:43,Reckless Driving,"40.810663,-73.957828"
V1473,2026-07-28 10:32:19,Seatbelt Violation,"40.696674,-74.005314"
V1474,2026-09-01 08:14:54,DUI,"40.733847,-73.993074"
V1475,2026-08-06 17:26:36,Reckless Driving,"40.746144,-73.991122"
V1476,2026-09-05 06:25:52,Seatbelt Violation,"40.727236,-73.999707"
V1477,2026-08-11 19:25:37,Red Light Violation,"40.705316,-74.020067"
V1478,2026-08-01 08:20:37,Seatbelt Violation,"40.760396,-73.991427"
V1479,2026-09-08 21:51:44,Illegal Turn,"40.726308,-73.989948"
V1480,2026-08-23 19:44:22,Illegal Turn,"40.803262,-73.964413"
V1481,2026-08-17 07:02:39,Speeding,"40.734956,-73.999317"
V1482,2026-09-02 14:53:39,Reckless Driving,"40.720024,-74.002274"
V1483,2026-08-24 14:31:38,Red Light Violation,"40.753039,-73.981550"
V1484,2026-08-12 10:41:45,DUI,"40.695976,-74.006994"
V1485,2026-08-09 08:09:02,Speeding,"40.758852,-73.991607"
V1486,2026-07-20 16:18:49,Reckless Driving,"40.750817,-73.986332"
V1487,2026-08-21 16:42:35,Illegal Turn,"40.801678,-73.952731"
V1488,2026-08-03 08:12:22,Speeding,"40.755387,-73.985560"
V1489,2026-08-05 17:55:20,Seatbelt Violation,"40.740134,-73.991292"
V1490,2026-09-07 17:55:44,Red Light Violation,"40.761789,-73.987859"
V1491,2026-09-05 22:09:02,Red Light Violation,"40.729717,-73.998889"
V1492,2026-07-22 12:49:00,Illegal Turn,"40.757475,-73.986540"
V1493,2026-08-12 08:09:21,Illegal Turn,"40.804311,-73.961998"
V1494,2026-09-08 15:27:49,Illegal Turn,"40.756624,-73.984624"
V1495,2026-08-28 13:18:21,Speeding,"40.704777,-74.001099"
V1496,2026-09-08 10:37:14,Seatbelt Violation,"40.743477,-73.981049"
V1497,2026-07-27 00:14:02,Red Light Violation,"40.711698,-74.000240"
V1498,2026-08-30 10:38:42,Speeding,"40.708042,-74.013106"
V1499,2026-08-04 15:21:11,Using Mobile Phone,"40.722196,-73.998447"
V1500,2026-08-10 03:08:59,Illegal Turn,"40.744388,-73.988186"
